1|Основное окно ЭФ|Основное окно ЭФ |-|-|-|-|!!ToDo: Добавить описание|{"number": "1", "name": "formSections1", "type": "FormSections", "contentWidthMax": 800, "contentWidthMin": 800}
1.1|Вкладка|Вкладка "Свойства документа"|-|-|-|-|!!ToDo: Добавить описание|{"number": "1.1", "name": "formSection1", "type": "FormSection", "title": "Свойства документа"}
1.1.1|Раздел|Раздел "Сведения о документе в системе"|-|-|-|-|!!ToDo: Добавить описание|{"number": "1.1.1", "name": "mainDetail", "type": "Details", "title": "Сведения о документе в системе", "compact": true, "bordered": true, "gridView": false, "collapsible": true, "headerBordered": true}
1.1.1.1|Поле|Номер|systemNumber|Числовой|-|Да|!!ToDo: Добавить описание|{"number": "1.1.1.1", "name": "systemNumberField", "type": "NumberField", "label": "Номер", "readOnly": true, "required": true, "dataField": "systemNumber"}
1.1.1.1|Поле|Дата подписания|docDate|Дата/Время|-|Нет|!!ToDo: Добавить описание|{"number": "1.1.1.1", "name": "docDateField", "type": "DateField", "label": "Дата подписания", "readOnly": true, "dataField": "docDate", "hideInfinite": true, "verticalLayout": true}
1.1.1.1|Поле|Подано в комплекте документов №|requestNumber|Текстовый|-|Нет|!!ToDo: Добавить описание|{"number": "1.1.1.1", "name": "requestNumberField", "rows": 2, "type": "TextField", "label": "Подано в комплекте документов №", "maxRows": 2, "readOnly": true, "dataField": "requestNumber", "verticalLayout": true}
1.1.1.1|Поле|Дата подписания|requestDate|Дата/Время|-|Да|!!ToDo: Добавить описание|{"number": "1.1.1.1", "name": "requestDateField", "type": "DateField", "label": "Дата подписания", "readOnly": true, "required": true, "dataField": "requestDate", "hideInfinite": true}
1.1.1.3|Группа полей|Группа полей |-|-|-|-|!!ToDo: Добавить описание|{"number": "1.1.1.3", "name": "fieldGroup41", "type": "FieldGroup", "label": "Причина отказа", "hidden": true}
1.1.1.3.1|Поле|Комментарий|rejectionComment|Текстовый|-|Нет|!!ToDo: Добавить описание|{"number": "1.1.1.3.1", "name": "rejectionCommentField", "rows": 2, "type": "TextField", "label": "Комментарий", "maxRows": 5, "readOnly": false, "dataField": "rejectionComment", "inputType": "textarea"}
1.1.2|Раздел|Раздел "Реквизиты документа"|-|-|-|-|!!ToDo: Добавить описание|{"number": "1.1.2", "name": "details2", "type": "Details", "title": "Реквизиты документа", "compact": true, "bordered": true, "collapsible": true, "headerBordered": true}
1.1.2.1|Поле|№|applicationNumber|Текстовый|-|Нет|!!ToDo: Добавить описание|{"number": "1.1.2.1", "name": "applicationNumberField", "rows": 2, "type": "TextField", "label": "№", "maxRows": 2, "readOnly": true, "dataField": "applicationNumber"}
1.1.2.1|Поле|Тип заявки|applicationType|Текстовый|-|Нет|!!ToDo: Добавить описание|{"number": "1.1.2.1", "name": "applicationTypeField", "rows": 2, "type": "TextField", "label": "Тип заявки", "maxRows": 2, "readOnly": true, "dataField": "applicationType"}
1.1.2.1|Поле|Дата заявки|applicationDate|Дата/Время|-|Нет|!!ToDo: Добавить описание|{"number": "1.1.2.1", "name": "applicationDateField", "type": "DateField", "label": "Дата заявки", "readOnly": true, "dataField": "applicationDate"}
1.1.2.1|Поле|Статус|applicationSatatus|Текстовый|-|Нет|!!ToDo: Добавить описание|{"number": "1.1.2.1", "name": "applicationSatatusField", "rows": 2, "type": "TextField", "label": "Статус", "maxRows": 2, "readOnly": true, "dataField": "applicationSatatus"}
1.1.2.1|Поле|Дата включения в Мос. Реестр|mosRegistryDate|Дата/Время|-|Нет|!!ToDo: Добавить описание|{"number": "1.1.2.1", "name": "mosRegistryDateField", "type": "DateField", "label": "Дата включения в Мос. Реестр", "readOnly": true, "dataField": "mosRegistryDate"}
1.1.2.1|Поле|Вид организации|organizationType|Текстовый|-|Да|!!ToDo: Добавить описание|{"number": "1.1.2.1", "name": "organizationTypeField", "rows": 2, "type": "TextField", "label": "Вид организации", "maxRows": 2, "readOnly": false, "required": true, "dataField": "organizationType"}
1.1.2.1|Поле|Предыдущая заявка|previousApp|Текстовый|-|Нет|!!ToDo: Добавить описание|{"number": "1.1.2.1", "name": "previousAppField", "rows": 2, "type": "TextField", "label": "Предыдущая заявка", "maxRows": 2, "readOnly": true, "dataField": "previousApp"}
1.2|Вкладка|Вкладка "Этап 1"|-|-|-|-|!!ToDo: Добавить описание|{"number": "1.2", "name": "formSection2", "type": "FormSection", "title": "Этап 1"}
1.2.1|Раздел|Раздел "Информация о документе"|-|-|-|-|!!ToDo: Добавить описание|{"number": "1.2.1", "name": "details13", "type": "Details", "title": "Информация о документе", "compact": true, "bordered": true, "collapsible": true, "headerBordered": true}
1.2.1.1|Группа полей|Группа полей |-|-|-|-|!!ToDo: Добавить описание|{"number": "1.2.1.1", "name": "fieldGroup1", "type": "FieldGroup", "label": "Информация о государственном органе города Москвы"}
1.2.1.1.1|Поле|Код главного распорядителя бюджетных средств|grbsCode|Текстовый|-|Нет|!!ToDo: Добавить описание|{"number": "1.2.1.1.1", "name": "grbsCodeField", "rows": 2, "type": "TextField", "label": "Код главного распорядителя бюджетных средств", "maxRows": 2, "readOnly": true, "dataField": "grbsCode"}
1.2.1.1.1|Поле|Наименование главного распорядителя бюджетных средств|grbsName|Текстовый|-|Нет|!!ToDo: Добавить описание|{"number": "1.2.1.1.1", "name": "grbsNameField", "rows": 2, "type": "TextField", "label": "Наименование главного распорядителя бюджетных средств", "maxRows": 8, "readOnly": false, "dataField": "grbsName", "inputType": "textarea"}
1.2.1.1.1|Поле|Дата окончания действия|endDate|Дата/Время|-|Нет|!!ToDo: Добавить описание|{"number": "1.2.1.1.1", "name": "endDateField", "type": "DateField", "label": "Дата окончания действия", "readOnly": true, "dataField": "endDate"}
1.2.1.1.1|Поле|Дата начала действия|startDate|Дата/Время|-|Нет|!!ToDo: Добавить описание|{"number": "1.2.1.1.1", "name": "startDateField", "type": "DateField", "label": "Дата начала действия", "readOnly": true, "dataField": "startDate"}
1.2.1.2|Группа полей|Группа полей |-|-|-|-|!!ToDo: Добавить описание|{"number": "1.2.1.2", "name": "fieldGroup2", "type": "FieldGroup", "label": "Распорядительный документ"}
1.2.1.2.1|Поле|Тип документа|adminDocType|Текстовый|-|Нет|!!ToDo: Добавить описание|{"number": "1.2.1.2.1", "name": "adminDocTypeField", "rows": 2, "type": "TextField", "label": "Тип документа", "maxRows": 2, "readOnly": true, "dataField": "adminDocType"}
1.2.1.2.1|Поле|Номер|adminDocNumber|Текстовый|-|Нет|!!ToDo: Добавить описание|{"number": "1.2.1.2.1", "name": "adminDocNumberField", "rows": 2, "type": "TextField", "label": "Номер", "maxRows": 2, "readOnly": true, "dataField": "adminDocNumber"}
1.2.1.2.1|Поле|Дата|adminDocDate|Дата/Время|-|Нет|!!ToDo: Добавить описание|{"number": "1.2.1.2.1", "name": "adminDocDateField", "type": "DateField", "label": "Дата", "readOnly": true, "dataField": "adminDocDate"}
1.2.1.2.1|Поле|Наименование|adminDocName|Текстовый|-|Нет|!!ToDo: Добавить описание|{"number": "1.2.1.2.1", "name": "adminDocNameField", "rows": 2, "type": "TextField", "label": "Наименование", "maxRows": 2, "readOnly": true, "dataField": "adminDocName"}
1.2.1.2.1|Поле|Орган, издавший документ|adminDocIssue|Текстовый|-|Нет|!!ToDo: Добавить описание|{"number": "1.2.1.2.1", "name": "adminDocIssueField", "rows": 2, "type": "TextField", "label": "Орган, издавший документ", "maxRows": 2, "readOnly": true, "dataField": "adminDocIssue"}
1.3|Вкладка|Вкладка "Этап 2"|-|-|-|-|!!ToDo: Добавить описание|{"number": "1.3", "name": "formSection3", "type": "FormSection", "title": "Этап 2"}
1.3.1|Раздел|Раздел "Общие сведения"|-|-|-|-|!!ToDo: Добавить описание|{"number": "1.3.1", "name": "details1", "type": "Details", "title": "Общие сведения", "compact": true, "bordered": true, "collapsible": true}
1.3.1.1|Поле|Является обособленным подразделением|isSeparateSub|Логический|-|Да|!!ToDo: Добавить описание|{"number": "1.3.1.1", "name": "isSeparateSubField", "type": "CheckboxField", "label": "Является обособленным подразделением", "readOnly": true, "required": true, "dataField": "isSeparateSub"}
1.3.1.1|Поле|Сведения о создании организаци|isEstablishmentInfo|Логический|-|Да|!!ToDo: Добавить описание|{"number": "1.3.1.1", "name": "isEstablishmentInfoField", "type": "CheckboxField", "label": "Сведения о создании организаци", "readOnly": true, "required": true, "dataField": "isEstablishmentInfo"}
1.3.1.1|Поле|Является учредителем|isFounder|Логический|-|Да|!!ToDo: Добавить описание|{"number": "1.3.1.1", "name": "isFounderField", "type": "CheckboxField", "label": "Является учредителем", "readOnly": true, "required": true, "dataField": "isFounder"}
1.3.1.1|Поле|ИНН|inn|Текстовый|-|Нет|!!ToDo: Добавить описание|{"number": "1.3.1.1", "name": "innField", "rows": 2, "type": "TextField", "label": "ИНН", "maxRows": 2, "readOnly": true, "dataField": "inn"}
1.3.1.1|Поле|КПП|kpp|Текстовый|-|Да|!!ToDo: Добавить описание|{"number": "1.3.1.1", "name": "kppField", "rows": 2, "type": "TextField", "label": "КПП", "maxRows": 2, "readOnly": false, "required": true, "dataField": "kpp"}
1.3.1.1|Поле|ОГРН|ogrn|Текстовый|-|Нет|!!ToDo: Добавить описание|{"number": "1.3.1.1", "name": "ogrnField", "rows": 2, "type": "TextField", "label": "ОГРН", "maxRows": 2, "readOnly": false, "dataField": "ogrn"}
1.3.1.1|Поле|Код УНК|unkCode|Текстовый|-|Нет|!!ToDo: Добавить описание|{"number": "1.3.1.1", "name": "unkCodeField", "rows": 2, "type": "TextField", "label": "Код УНК", "maxRows": 2, "readOnly": false, "dataField": "unkCode"}
1.3.1.1|Поле|Код по Московскому реестру|mosRegistryCode|Текстовый|-|Нет|!!ToDo: Добавить описание|{"number": "1.3.1.1", "name": "mosRegistryCodeField", "rows": 2, "type": "TextField", "label": "Код по Московскому реестру", "maxRows": 2, "readOnly": false, "dataField": "mosRegistryCode"}
1.3.1.1|Поле|Код по Сводному реестру|consolidatedRegisterCode|Текстовый|-|Нет|!!ToDo: Добавить описание|{"number": "1.3.1.1", "name": "consolidatedRegisterCodeField", "rows": 2, "type": "TextField", "label": "Код по Сводному реестру", "maxRows": 2, "readOnly": false, "dataField": "consolidatedRegisterCode"}
1.3.1.1|Поле|Тип организации|orgType|Текстовый|-|Нет|!!ToDo: Добавить описание|{"number": "1.3.1.1", "name": "orgTypeField", "rows": 2, "type": "TextField", "label": "Тип организации", "maxRows": 2, "readOnly": true, "dataField": "orgType"}
1.3.1.1|Поле|Тип учреждения|institutionType|Текстовый|-|Нет|!!ToDo: Добавить описание|{"number": "1.3.1.1", "name": "institutionTypeField", "rows": 2, "type": "TextField", "label": "Тип учреждения", "maxRows": 2, "readOnly": false, "dataField": "institutionType"}
1.3.1.1|Поле|Телефон организации|orgPhone|Текстовый|-|Да|!!ToDo: Добавить описание|{"number": "1.3.1.1", "name": "orgPhoneField", "rows": 2, "type": "TextField", "label": "Телефон организации", "maxRows": 2, "readOnly": false, "required": true, "dataField": "orgPhone"}
1.3.1.1|Поле|Дата постановки на учет в ФНС России (по данным ЕГРЮЛ)|registrationFtsDate|Дата/Время|-|Нет|!!ToDo: Добавить описание|{"number": "1.3.1.1", "name": "registrationFtsDateField", "type": "DateField", "label": "Дата постановки на учет в ФНС России (по данным ЕГРЮЛ)", "readOnly": true, "dataField": "registrationFtsDate"}
1.3.1.6|Группа полей|Группа полей |-|-|-|-|!!ToDo: Добавить описание|{"number": "1.3.1.6", "name": "fieldGroup3", "type": "FieldGroup", "label": "Сведения о бюджете"}
1.3.1.6.1|Поле|Уровень бюджета|budgetLevel|Текстовый|-|Да|!!ToDo: Добавить описание|{"number": "1.3.1.6.1", "name": "budgetLevelField", "rows": 2, "type": "TextField", "label": "Уровень бюджета", "maxRows": 2, "readOnly": false, "required": true, "dataField": "budgetLevel"}
1.3.1.6.1|Поле|Наименование|budgetLevelName|Текстовый|-|Нет|!!ToDo: Добавить описание|{"number": "1.3.1.6.1", "name": "budgetLevelNameField", "rows": 2, "type": "TextField", "label": "Наименование", "maxRows": 2, "readOnly": true, "dataField": "budgetLevelName"}
1.3.1.6.1|Поле|Бюджет|budget|Текстовый|-|Да|!!ToDo: Добавить описание|{"number": "1.3.1.6.1", "name": "budgetField", "rows": 2, "type": "TextField", "label": "Бюджет", "maxRows": 2, "readOnly": false, "required": true, "dataField": "budget"}
1.3.1.6.1|Поле|Наименование|budgetName|Текстовый|-|Нет|!!ToDo: Добавить описание|{"number": "1.3.1.6.1", "name": "budgetNameField", "rows": 2, "type": "TextField", "label": "Наименование", "maxRows": 2, "readOnly": false, "dataField": "budgetName"}
1.3.1.7|Группа полей|Группа полей |-|-|-|-|!!ToDo: Добавить описание|{"number": "1.3.1.7", "name": "fieldGroup4", "type": "FieldGroup", "label": "Наименование организации"}
1.3.1.7.1|Поле|Полное наименование (по данным ЕГРЮЛ)|orgNameFullNameEgrul|Текстовый|-|Нет|!!ToDo: Добавить описание|{"number": "1.3.1.7.1", "name": "orgNameFullNameEgrulField", "rows": 2, "type": "TextField", "label": "Полное наименование (по данным ЕГРЮЛ)", "maxRows": 2, "readOnly": true, "dataField": "orgNameFullNameEgrul"}
1.3.1.7.1|Поле|Сокращенное наименование (по данным ЕГРЮЛ)|orgNameShortNameEgrul|Текстовый|-|Нет|!!ToDo: Добавить описание|{"number": "1.3.1.7.1", "name": "orgNameShortNameEgrulField", "rows": 2, "type": "TextField", "label": "Сокращенное наименование (по данным ЕГРЮЛ)", "maxRows": 2, "readOnly": true, "dataField": "orgNameShortNameEgrul"}
1.3.1.7.1|Поле|Фирменное наименование|orgNameFirmName|Текстовый|-|Нет|!!ToDo: Добавить описание|{"number": "1.3.1.7.1", "name": "orgNameFirmNameField", "rows": 2, "type": "TextField", "label": "Фирменное наименование", "maxRows": 2, "readOnly": false, "dataField": "orgNameFirmName"}
1.3.1.7.1|Поле|Краткое наименование|orgNameShortName|Текстовый|-|Нет|!!ToDo: Добавить описание|{"number": "1.3.1.7.1", "name": "orgNameShortNameField", "rows": 2, "type": "TextField", "label": "Краткое наименование", "maxRows": 2, "readOnly": false, "dataField": "orgNameShortName"}
1.3.1.7.1|Поле|Полное наименование на английском языке|orgNameFullNameEng|Текстовый|-|Нет|!!ToDo: Добавить описание|{"number": "1.3.1.7.1", "name": "orgNameFullNameEngField", "rows": 2, "type": "TextField", "label": "Полное наименование на английском языке", "maxRows": 2, "readOnly": false, "dataField": "orgNameFullNameEng"}
1.3.1.7.1|Поле|Сокращенное наименование на английском языке|orgNameShortNameEng|Текстовый|-|Нет|!!ToDo: Добавить описание|{"number": "1.3.1.7.1", "name": "orgNameShortNameEngField", "rows": 2, "type": "TextField", "label": "Сокращенное наименование на английском языке", "maxRows": 2, "readOnly": false, "dataField": "orgNameShortNameEng"}
1.3.1.8|Группа полей|Группа полей |-|-|-|-|!!ToDo: Добавить описание|{"number": "1.3.1.8", "name": "fieldGroup21", "type": "FieldGroup", "label": "Распорядительный документ"}
1.3.1.8.1|Поле|Тип документа|adminDocType|Текстовый|-|Нет|!!ToDo: Добавить описание|{"number": "1.3.1.8.1", "name": "adminDocTypeField1", "rows": 2, "type": "TextField", "label": "Тип документа", "maxRows": 2, "readOnly": false, "dataField": "adminDocType"}
1.3.1.8.1|Поле|Номер|adminDocNumber|Текстовый|-|Нет|!!ToDo: Добавить описание|{"number": "1.3.1.8.1", "name": "adminDocNumberField1", "rows": 2, "type": "TextField", "label": "Номер", "maxRows": 2, "readOnly": false, "dataField": "adminDocNumber"}
1.3.1.8.1|Поле|Дата|adminDocDate|Дата/Время|-|Нет|!!ToDo: Добавить описание|{"number": "1.3.1.8.1", "name": "adminDocDateField1", "type": "DateField", "label": "Дата", "readOnly": false, "dataField": "adminDocDate"}
1.3.1.8.1|Поле|Наименование|adminDocName|Текстовый|-|Нет|!!ToDo: Добавить описание|{"number": "1.3.1.8.1", "name": "adminDocNameField1", "rows": 2, "type": "TextField", "label": "Наименование", "maxRows": 2, "readOnly": false, "dataField": "adminDocName"}
1.3.1.8.1|Поле|Орган, издавший документ|adminDocIssue|Текстовый|-|Нет|!!ToDo: Добавить описание|{"number": "1.3.1.8.1", "name": "adminDocIssueField1", "rows": 2, "type": "TextField", "label": "Орган, издавший документ", "maxRows": 2, "readOnly": false, "dataField": "adminDocIssue"}
1.3.2|Раздел|Раздел "Адрес организации"|-|-|-|-|!!ToDo: Добавить описание|{"number": "1.3.2", "name": "details3", "type": "Details", "title": "Адрес организации", "compact": true, "bordered": true, "expandable": false, "collapsible": true, "headerBordered": true}
1.3.2.1|Поле|Код ТОФК|tofkCode|Текстовый|-|Нет|!!ToDo: Добавить описание|{"number": "1.3.2.1", "name": "tofkCodeField", "rows": 2, "type": "TextField", "label": "Код ТОФК", "maxRows": 2, "readOnly": false, "dataField": "tofkCode"}
1.3.2.1|Поле|Административный округ|adminDistrict|Текстовый|-|Да|!!ToDo: Добавить описание|{"number": "1.3.2.1", "name": "adminDistrictField", "rows": 2, "type": "TextField", "label": "Административный округ", "maxRows": 2, "readOnly": false, "required": true, "dataField": "adminDistrict"}
1.3.2.1|Поле|Сведения о фактическом адресе основного здания|factAddres|None|-|Нет|!!ToDo: Добавить описание|{"number": "1.3.2.1", "name": "factAddresField", "type": "TableField", "label": "Сведения о фактическом адресе основного здания", "nowrap": false, "readOnly": false, "dataField": "factAddres", "hideFooter": true, "suppressCollapse": true}
1.3.2.1.1.1|Поле|Адрес|addres|-|-|Нет|!!ToDo: Добавить описание|{"number": "1.3.2.1.1.1", "title": "Адрес", "isMask": false, "dataType": "STRING", "sortable": true, "dataField": "addres", "filterable": true, "notGroupable": true, "hideFilterOptions": false, "rememberLastValues": false}
1.3.2.1.1.2|Поле|Код ОМКТЕ|omkteCode|-|-|Нет|!!ToDo: Добавить описание|{"number": "1.3.2.1.1.2", "title": "Код ОМКТЕ", "isMask": false, "dataType": "STRING", "sortable": true, "dataField": "omkteCode", "filterable": true, "notGroupable": true, "hideFilterOptions": false, "rememberLastValues": false}
1.3.2.1.1.3|Поле|Признак главного здания|isMainBuild|-|-|Нет|!!ToDo: Добавить описание|{"number": "1.3.2.1.1.3", "title": "Признак главного здания", "isMask": false, "dataType": "STRING", "sortable": true, "dataField": "isMainBuild", "filterable": true, "notGroupable": true, "hideFilterOptions": false, "rememberLastValues": false}
1.3.2.2|Группа полей|Группа полей |-|-|-|-|!!ToDo: Добавить описание|{"number": "1.3.2.2", "name": "fieldGroup22", "type": "FieldGroup", "label": "Юридический адрес по данным ЕГРЮЛ"}
1.3.2.2.1|Поле|Юридический адрес в ФНС|ftsLegalAddress|Текстовый|-|Нет|!!ToDo: Добавить описание|{"number": "1.3.2.2.1", "name": "ftsLegalAddressField", "rows": 2, "type": "TextField", "label": "Юридический адрес в ФНС", "maxRows": 2, "readOnly": true, "dataField": "ftsLegalAddress"}
1.3.2.2.1|Поле|Почтовый индекс|postalCode|Текстовый|-|Нет|!!ToDo: Добавить описание|{"number": "1.3.2.2.1", "name": "postalCodeField", "rows": 2, "type": "TextField", "label": "Почтовый индекс", "maxRows": 2, "readOnly": true, "dataField": "postalCode"}
1.3.2.2.1|Поле|Код региона|regionCode|Текстовый|-|Нет|!!ToDo: Добавить описание|{"number": "1.3.2.2.1", "name": "regionCodeField", "rows": 2, "type": "TextField", "label": "Код региона", "maxRows": 2, "readOnly": true, "dataField": "regionCode"}
1.3.2.2.1|Поле|Субъект РФ|rfSubject|Текстовый|-|Нет|!!ToDo: Добавить описание|{"number": "1.3.2.2.1", "name": "rfSubjectField", "rows": 2, "type": "TextField", "label": "Субъект РФ", "maxRows": 2, "readOnly": true, "dataField": "rfSubject"}
1.3.2.2.1|Поле|Район|district|Текстовый|-|Нет|!!ToDo: Добавить описание|{"number": "1.3.2.2.1", "name": "districtField", "rows": 2, "type": "TextField", "label": "Район", "maxRows": 2, "readOnly": true, "dataField": "district"}
1.3.2.2.1|Поле|Город|city|Текстовый|-|Нет|!!ToDo: Добавить описание|{"number": "1.3.2.2.1", "name": "cityField", "rows": 2, "type": "TextField", "label": "Город", "maxRows": 2, "readOnly": true, "dataField": "city"}
1.3.2.2.1|Поле|Населенный пункт|settlement|Текстовый|-|Нет|!!ToDo: Добавить описание|{"number": "1.3.2.2.1", "name": "settlementField", "rows": 2, "type": "TextField", "label": "Населенный пункт", "maxRows": 2, "readOnly": true, "dataField": "settlement"}
1.3.2.2.1|Поле|Улица (проспект, переулок и т.п.)|street|Текстовый|-|Нет|!!ToDo: Добавить описание|{"number": "1.3.2.2.1", "name": "streetField", "rows": 2, "type": "TextField", "label": "Улица (проспект, переулок и т.п.)", "maxRows": 2, "readOnly": true, "dataField": "street"}
1.3.2.2.1|Поле|Дом (владение)|house|Текстовый|-|Нет|!!ToDo: Добавить описание|{"number": "1.3.2.2.1", "name": "houseField", "rows": 2, "type": "TextField", "label": "Дом (владение)", "maxRows": 2, "readOnly": true, "dataField": "house"}
1.3.2.2.1|Поле|Корпус (строение)|building|Текстовый|-|Нет|!!ToDo: Добавить описание|{"number": "1.3.2.2.1", "name": "buildingField", "rows": 2, "type": "TextField", "label": "Корпус (строение)", "maxRows": 2, "readOnly": true, "dataField": "building"}
1.3.2.2.1|Поле|Квартира (офис)|apartment|Текстовый|-|Нет|!!ToDo: Добавить описание|{"number": "1.3.2.2.1", "name": "apartmentField", "rows": 2, "type": "TextField", "label": "Квартира (офис)", "maxRows": 2, "readOnly": true, "dataField": "apartment"}
1.3.2.2.1|Поле|Структура|Structure|Текстовый|-|Нет|!!ToDo: Добавить описание|{"number": "1.3.2.2.1", "name": "structureField", "rows": 2, "type": "TextField", "label": "Структура", "maxRows": 2, "readOnly": true, "dataField": "Structure"}
1.3.2.2.1|Поле|Код КЛАДР|cladrCode|Текстовый|-|Нет|!!ToDo: Добавить описание|{"number": "1.3.2.2.1", "name": "cladrCodeField", "rows": 2, "type": "TextField", "label": "Код КЛАДР", "maxRows": 2, "readOnly": true, "dataField": "cladrCode"}
1.3.3|Раздел|Раздел "Филиалы / обособл. подразделения"|-|-|-|-|!!ToDo: Добавить описание|{"number": "1.3.3", "name": "details4", "type": "Details", "title": "Филиалы / обособл. подразделения", "compact": true, "bordered": true, "collapsible": true, "headerBordered": true}
1.3.3.1|Поле|-|separateDivisions|None|-|Нет|!!ToDo: Добавить описание|{"number": "1.3.3.1", "name": "separateDivisionsField", "type": "TableField", "readOnly": false, "dataField": "separateDivisions", "hideFooter": true, "suppressCollapse": true}
1.3.3.1.1.1|Поле|КПП|sepDivKpp|-|-|Нет|!!ToDo: Добавить описание|{"number": "1.3.3.1.1.1", "title": "КПП", "isMask": false, "dataType": "STRING", "sortable": true, "dataField": "sepDivKpp", "filterable": true, "notGroupable": true, "hideFilterOptions": false, "rememberLastValues": false}
1.3.3.1.1.2|Поле|Наименование|sepDivName|-|-|Нет|!!ToDo: Добавить описание|{"number": "1.3.3.1.1.2", "title": "Наименование", "isMask": false, "dataType": "STRING", "sortable": true, "dataField": "sepDivName", "filterable": true, "notGroupable": true, "hideFilterOptions": false, "rememberLastValues": false}
1.3.3.1.1.3|Поле|Адрес|sepDivAddres|-|-|Нет|!!ToDo: Добавить описание|{"number": "1.3.3.1.1.3", "title": "Адрес", "isMask": false, "dataType": "STRING", "sortable": true, "dataField": "sepDivAddres", "filterable": true, "notGroupable": true, "hideFilterOptions": false, "rememberLastValues": false}
1.3.3.1.1.4|Поле|Тип|sepDivType|-|-|Нет|!!ToDo: Добавить описание|{"number": "1.3.3.1.1.4", "title": "Тип", "isMask": false, "dataType": "STRING", "sortable": true, "dataField": "sepDivType", "filterable": true, "notGroupable": true, "hideFilterOptions": false, "rememberLastValues": false}
1.3.3.1.1.5|Поле|Отметка о регистрации в ЕГРЮЛ (при наличии)|registrationNote|-|-|Нет|!!ToDo: Добавить описание|{"number": "1.3.3.1.1.5", "title": "Отметка о регистрации в ЕГРЮЛ (при наличии)", "hidden": true, "isMask": false, "dataType": "STRING", "sortable": true, "dataField": "registrationNote", "filterable": true, "notGroupable": true, "hideFilterOptions": false, "rememberLastValues": false}
1.3.4|Раздел|Раздел "Основание для включения в Мос. реестр"|-|-|-|-|!!ToDo: Добавить описание|{"number": "1.3.4", "name": "details5", "type": "Details", "inner": false, "title": "Основание для включения в Мос. реестр", "hidden": false, "compact": true, "bordered": true, "expandable": false, "collapsible": true, "headerBordered": true, "hiddenInSection": false}
1.3.4.1|Поле|-|mosRegistryBasisInclusions|None|-|Нет|!!ToDo: Добавить описание|{"number": "1.3.4.1", "name": "mosRegistryBasisInclusionsField", "type": "TableField", "readOnly": false, "dataField": "mosRegistryBasisInclusions", "hideFooter": true, "suppressCollapse": true}
1.3.4.1.1.1|Поле|№ государственного контракта (контракта), договора (соглашения), контракта (договора)|stateContractNumber|-|-|Нет|!!ToDo: Добавить описание|{"number": "1.3.4.1.1.1", "title": "№ государственного контракта (контракта), договора (соглашения), контракта (договора)", "isMask": false, "dataType": "STRING", "sortable": true, "dataField": "stateContractNumber", "filterable": true, "notGroupable": true, "hideFilterOptions": false, "rememberLastValues": false}
1.3.4.1.1.2|Поле|Код плательщика по Сводному реестру|consRegisterPayerCode|-|-|Нет|!!ToDo: Добавить описание|{"number": "1.3.4.1.1.2", "title": "Код плательщика по Сводному реестру", "isMask": false, "dataType": "STRING", "sortable": true, "dataField": "consRegisterPayerCode", "filterable": true, "notGroupable": true, "hideFilterOptions": false, "rememberLastValues": false}
1.3.4.1.1.3|Поле|Код плательщика по Московскому реестру|mosRegistryPayerCode|-|-|Нет|!!ToDo: Добавить описание|{"number": "1.3.4.1.1.3", "title": "Код плательщика по Московскому реестру", "isMask": false, "dataType": "STRING", "sortable": true, "dataField": "mosRegistryPayerCode", "filterable": true, "notGroupable": true, "hideFilterOptions": false, "rememberLastValues": false}
1.3.4.1.1.4|Поле|Наименование учреждения (организации, плательщика)|orgName|-|-|Нет|!!ToDo: Добавить описание|{"number": "1.3.4.1.1.4", "title": "Наименование учреждения (организации, плательщика)", "isMask": false, "dataType": "STRING", "sortable": true, "dataField": "orgName", "filterable": true, "notGroupable": true, "hideFilterOptions": false, "rememberLastValues": false}
1.3.4.1.1.5|Поле|Дата государственного контракта (контракта), договора (соглашения), контракта (договора)|stateContractDate|-|-|Нет|!!ToDo: Добавить описание|{"number": "1.3.4.1.1.5", "title": "Дата государственного контракта (контракта), договора (соглашения), контракта (договора)", "hidden": true, "isMask": false, "dataType": "STRING", "sortable": true, "dataField": "stateContractDate", "filterable": true, "notGroupable": true, "hideFilterOptions": false, "rememberLastValues": false}
1.4|Вкладка|Вкладка "Этап 3"|-|-|-|-|!!ToDo: Добавить описание|{"number": "1.4", "name": "formSection4", "type": "FormSection", "title": "Этап 3"}
1.4.1|Раздел|Раздел "Дополнительные сведения"|-|-|-|-|!!ToDo: Добавить описание|{"number": "1.4.1", "name": "details6", "type": "Details", "title": "Дополнительные сведения", "compact": true, "bordered": true, "collapsible": true, "headerBordered": true}
1.4.1.1|Группа полей|Группа полей |-|-|-|-|!!ToDo: Добавить описание|{"number": "1.4.1.1", "name": "fieldGroup23", "type": "FieldGroup", "label": "Сведения о форме собственности и организационно-правовой форме организации"}
1.4.1.1.1|Поле|Код ОКОПФ|okopf|Текстовый|-|Нет|!!ToDo: Добавить описание|{"number": "1.4.1.1.1", "name": "okopfField", "rows": 2, "type": "TextField", "label": "Код ОКОПФ", "maxRows": 2, "readOnly": true, "dataField": "okopf"}
1.4.1.1.1|Поле|Наименование ОКОПФ|okopfName|Текстовый|-|Нет|!!ToDo: Добавить описание|{"number": "1.4.1.1.1", "name": "okopfNameField", "rows": 2, "type": "TextField", "label": "Наименование ОКОПФ", "maxRows": 2, "readOnly": true, "dataField": "okopfName"}
1.4.1.1.1|Поле|Код ОКФС|okfs|Текстовый|-|Да|!!ToDo: Добавить описание|{"number": "1.4.1.1.1", "name": "okfsField", "rows": 2, "type": "TextField", "label": "Код ОКФС", "maxRows": 2, "readOnly": false, "required": true, "dataField": "okfs"}
1.4.1.1.1|Поле|Наименование ОКФС|okfsName|Текстовый|-|Нет|!!ToDo: Добавить описание|{"number": "1.4.1.1.1", "name": "okfsNameField", "rows": 2, "type": "TextField", "label": "Наименование ОКФС", "maxRows": 2, "readOnly": true, "dataField": "okfsName"}
1.4.1.2|Группа полей|Группа полей |-|-|-|-|!!ToDo: Добавить описание|{"number": "1.4.1.2", "name": "fieldGroup24", "type": "FieldGroup", "label": "Сведения о публично-правовом образовании,создавшем организацию"}
1.4.1.2.1|Поле|ППО по ОКТМО|ppoCode|Текстовый|-|Да|!!ToDo: Добавить описание|{"number": "1.4.1.2.1", "name": "ppoCodeField", "rows": 2, "type": "TextField", "label": "ППО по ОКТМО", "maxRows": 2, "readOnly": false, "required": true, "dataField": "ppoCode"}
1.4.1.2.1|Поле|Наименование|ppoName|Текстовый|-|Нет|!!ToDo: Добавить описание|{"number": "1.4.1.2.1", "name": "ppoNameField", "rows": 2, "type": "TextField", "label": "Наименование", "maxRows": 2, "readOnly": true, "dataField": "ppoName"}
1.4.1.2.1|Поле|Вид ППО|ppoType|Текстовый|-|Да|!!ToDo: Добавить описание|{"number": "1.4.1.2.1", "name": "ppoTypeField", "rows": 2, "type": "TextField", "label": "Вид ППО", "maxRows": 2, "readOnly": false, "required": true, "dataField": "ppoType"}
1.4.1.2.1|Поле|Наименование|ppoTypeName|Текстовый|-|Нет|!!ToDo: Добавить описание|{"number": "1.4.1.2.1", "name": "ppoTypeNameField", "rows": 2, "type": "TextField", "label": "Наименование", "maxRows": 2, "readOnly": true, "dataField": "ppoTypeName"}
1.4.1.3|Группа полей|Группа полей |-|-|-|-|!!ToDo: Добавить описание|{"number": "1.4.1.3", "name": "fieldGroup25", "type": "FieldGroup", "label": "Информация о юридическом лице, в ведении которого находится организация (вышестоящий участник бюджетного процесса)"}
1.4.1.3.1|Поле|ОГРН|parentOrgOgrn|Текстовый|-|Нет|!!ToDo: Добавить описание|{"number": "1.4.1.3.1", "name": "parentOrgOgrnField", "rows": 2, "type": "TextField", "label": "ОГРН", "maxRows": 2, "readOnly": false, "required": false, "dataField": "parentOrgOgrn"}
1.4.1.3.1|Поле|Код по Мос.реестру|parentOrgMosRegistryCode|Текстовый|-|Нет|!!ToDo: Добавить описание|{"number": "1.4.1.3.1", "name": "parentOrgMosRegistryCodeField", "rows": 2, "type": "TextField", "label": "Код по Мос.реестру", "maxRows": 2, "readOnly": true, "dataField": "parentOrgMosRegistryCode"}
1.4.1.3.1|Поле|Код по Сводному реестру|parentOrgConsRegistryCode|Текстовый|-|Нет|!!ToDo: Добавить описание|{"number": "1.4.1.3.1", "name": "parentOrgConsRegistryCodeField", "rows": 2, "type": "TextField", "label": "Код по Сводному реестру", "maxRows": 2, "readOnly": true, "dataField": "parentOrgConsRegistryCode"}
1.4.1.3.1|Поле|Наименование|parentOrgName|Текстовый|-|Нет|!!ToDo: Добавить описание|{"number": "1.4.1.3.1", "name": "parentOrgNameField", "rows": 2, "type": "TextField", "label": "Наименование", "maxRows": 2, "readOnly": true, "dataField": "parentOrgName"}
1.4.1.4|Группа полей|Группа полей |-|-|-|-|!!ToDo: Добавить описание|{"number": "1.4.1.4", "name": "fieldGroup26", "type": "FieldGroup", "label": "Информация об организации в соответствии с общероссийскими классификаторами"}
1.4.1.4.1|Поле|Код ОКОГУ|okogu|Текстовый|-|Нет|!!ToDo: Добавить описание|{"number": "1.4.1.4.1", "name": "okoguField", "rows": 2, "type": "TextField", "label": "Код ОКОГУ", "maxRows": 2, "readOnly": true, "dataField": "okogu"}
1.4.1.4.1|Поле|Наименование|okoguName|Текстовый|-|Нет|!!ToDo: Добавить описание|{"number": "1.4.1.4.1", "name": "okoguNameField", "rows": 2, "type": "TextField", "label": "Наименование", "maxRows": 2, "readOnly": true, "dataField": "okoguName"}
1.4.1.4.1|Поле|Код ОКТМО|oktmo|Текстовый|-|Да|!!ToDo: Добавить описание|{"number": "1.4.1.4.1", "name": "oktmoField", "rows": 2, "type": "TextField", "label": "Код ОКТМО", "maxRows": 2, "readOnly": false, "required": true, "dataField": "oktmo"}
1.4.1.4.1|Поле|Наименование|oktmoName|Текстовый|-|Нет|!!ToDo: Добавить описание|{"number": "1.4.1.4.1", "name": "oktmoNameField", "rows": 2, "type": "TextField", "label": "Наименование", "maxRows": 2, "readOnly": true, "dataField": "oktmoName"}
1.4.1.4.1|Поле|Код ОКПО|okpo|Текстовый|-|Да|!!ToDo: Добавить описание|{"number": "1.4.1.4.1", "name": "okpoField", "rows": 2, "type": "TextField", "label": "Код ОКПО", "maxRows": 2, "readOnly": false, "required": true, "dataField": "okpo"}
1.4.1.4.1|Поле|Код ОГС|ogs|Текстовый|-|Нет|!!ToDo: Добавить описание|{"number": "1.4.1.4.1", "name": "ogsField", "rows": 2, "type": "TextField", "label": "Код ОГС", "maxRows": 2, "readOnly": false, "dataField": "ogs"}
1.4.1.4.1|Поле|Код Отрасли|industryCode|Текстовый|-|Да|!!ToDo: Добавить описание|{"number": "1.4.1.4.1", "name": "industryCodeField", "rows": 2, "type": "TextField", "label": "Код Отрасли", "maxRows": 2, "readOnly": false, "required": true, "dataField": "industryCode"}
1.4.1.5|Группа полей|Группа полей |-|-|-|-|!!ToDo: Добавить описание|{"number": "1.4.1.5", "name": "fieldGroup27", "type": "FieldGroup", "label": "Способ образования юридического лица (по данным ЕГРЮЛ)"}
1.4.1.5.1|Поле|Способ образования|formingMethod|Текстовый|-|Нет|!!ToDo: Добавить описание|{"number": "1.4.1.5.1", "name": "formingMethodField", "rows": 2, "type": "TextField", "label": "Способ образования", "maxRows": 2, "readOnly": true, "dataField": "formingMethod"}
1.4.1.5.1|Поле|Наименование способа образования|formMethodName|Текстовый|-|Нет|!!ToDo: Добавить описание|{"number": "1.4.1.5.1", "name": "formMethodNameField", "rows": 2, "type": "TextField", "label": "Наименование способа образования", "maxRows": 2, "readOnly": true, "dataField": "formMethodName"}
1.4.1.6|Группа полей|Группа полей |-|-|-|-|!!ToDo: Добавить описание|{"number": "1.4.1.6", "name": "fieldGroup28", "type": "FieldGroup", "label": "Иная информация об организации"}
1.4.1.6.1|Поле|Доменное имя официального сайта|websiteDomainName|Текстовый|-|Нет|!!ToDo: Добавить описание|{"number": "1.4.1.6.1", "name": "websiteDomainNameField", "rows": 2, "type": "TextField", "label": "Доменное имя официального сайта", "maxRows": 2, "readOnly": false, "dataField": "websiteDomainName"}
1.4.1.6.1|Поле|Дополнительный телефон|addOrgPhoneNumber|Текстовый|-|Да|!!ToDo: Добавить описание|{"number": "1.4.1.6.1", "name": "addOrgPhoneNumberField", "rows": 2, "type": "TextField", "label": "Дополнительный телефон", "maxRows": 2, "readOnly": false, "required": true, "dataField": "addOrgPhoneNumber"}
1.4.1.6.1|Поле|Адрес электронной почты|orgEmail|Текстовый|-|Да|!!ToDo: Добавить описание|{"number": "1.4.1.6.1", "name": "orgEmailField", "rows": 2, "type": "TextField", "label": "Адрес электронной почты", "maxRows": 2, "readOnly": false, "required": true, "dataField": "orgEmail"}
1.4.2|Раздел|Раздел "Сведения об учредителе"|-|-|-|-|!!ToDo: Добавить описание|{"number": "1.4.2", "name": "details7", "type": "Details", "title": "Сведения об учредителе", "compact": true, "bordered": true, "collapsible": true, "headerBordered": true}
1.4.2.1|Поле|Сведения об учредителе (участнике) организации (по данным ЕГРЮЛ)|founderInformationEgrul|None|-|Нет|!!ToDo: Добавить описание|{"number": "1.4.2.1", "name": "founderInformationEgrulField", "type": "TableField", "label": "Сведения об учредителе (участнике) организации (по данным ЕГРЮЛ)", "readOnly": false, "dataField": "founderInformationEgrul", "hideFooter": true, "suppressCollapse": true}
1.4.2.1.1.1|Поле|Полное наименование|founderFullName|-|-|Нет|!!ToDo: Добавить описание|{"number": "1.4.2.1.1.1", "title": "Полное наименование", "isMask": false, "dataType": "STRING", "sortable": true, "dataField": "founderFullName", "filterable": true, "notGroupable": true, "hideFilterOptions": false, "rememberLastValues": false}
1.4.2.1.1.2|Поле|ИНН|founderInn|-|-|Нет|!!ToDo: Добавить описание|{"number": "1.4.2.1.1.2", "title": "ИНН", "isMask": false, "dataType": "STRING", "sortable": true, "dataField": "founderInn", "filterable": true, "notGroupable": true, "hideFilterOptions": false, "rememberLastValues": false}
1.4.2.1.1.3|Поле|ОГРН|founderOgrn|-|-|Нет|!!ToDo: Добавить описание|{"number": "1.4.2.1.1.3", "title": "ОГРН", "isMask": false, "dataType": "STRING", "sortable": true, "dataField": "founderOgrn", "filterable": true, "notGroupable": true, "hideFilterOptions": false, "rememberLastValues": false}
1.4.2.1.1.4|Поле|Дата начала действия|founderStartDate|-|-|Нет|!!ToDo: Добавить описание|{"number": "1.4.2.1.1.4", "title": "Дата начала действия", "isMask": false, "dataType": "STRING", "sortable": true, "dataField": "founderStartDate", "filterable": true, "notGroupable": true, "hideFilterOptions": false, "rememberLastValues": false}
1.4.2.3|Поле|Сведения об учредителе (участнике) организации|founderInfo|None|-|Нет|!!ToDo: Добавить описание|{"number": "1.4.2.3", "name": "founderInfoField", "type": "TableField", "label": "Сведения об учредителе (участнике) организации", "readOnly": false, "dataField": "founderInfo", "hideFooter": true, "suppressCollapse": true}
1.4.2.3.1.1|Поле|Код главы по БК|bkFounderCode|-|-|Нет|!!ToDo: Добавить описание|{"number": "1.4.2.3.1.1", "title": "Код главы по БК", "isMask": false, "dataType": "STRING", "sortable": true, "dataField": "bkFounderCode", "filterable": true, "notGroupable": true, "hideFilterOptions": false, "rememberLastValues": false}
1.4.2.3.1.2|Поле|Код по сводному реестру|consRegistryFounderCode|-|-|Нет|!!ToDo: Добавить описание|{"number": "1.4.2.3.1.2", "title": "Код по сводному реестру", "isMask": false, "dataType": "STRING", "sortable": true, "dataField": "consRegistryFounderCode", "filterable": true, "notGroupable": true, "hideFilterOptions": false, "rememberLastValues": false}
1.4.2.3.1.3|Поле|Код по Московскому реестру|mosRegistryFounderCode|-|-|Нет|!!ToDo: Добавить описание|{"number": "1.4.2.3.1.3", "title": "Код по Московскому реестру", "isMask": false, "dataType": "STRING", "sortable": true, "dataField": "mosRegistryFounderCode", "filterable": true, "notGroupable": true, "hideFilterOptions": false, "rememberLastValues": false}
1.4.2.3.1.4|Поле|Наименование главного распорядителя бюджетных средств|grbsFounderCode|-|-|Нет|!!ToDo: Добавить описание|{"number": "1.4.2.3.1.4", "title": "Наименование главного распорядителя бюджетных средств", "isMask": false, "dataType": "STRING", "sortable": true, "dataField": "grbsFounderCode", "filterable": true, "notGroupable": true, "hideFilterOptions": false, "rememberLastValues": false}
1.4.3|Раздел|Раздел "Информация о руководителе"|-|-|-|-|!!ToDo: Добавить описание|{"number": "1.4.3", "name": "details8", "type": "Details", "title": "Информация о руководителе", "compact": true, "bordered": true, "collapsible": true, "headerBordered": true}
1.4.3.1|Поле|-|headInfo|None|-|Нет|!!ToDo: Добавить описание|{"number": "1.4.3.1", "name": "headInfoField", "type": "TableField", "disabled": false, "readOnly": false, "dataField": "headInfo", "hideFooter": true, "suppressCollapse": true}
1.4.3.1.1.1|Поле|Фамилия|secondName|-|-|Нет|!!ToDo: Добавить описание|{"number": "1.4.3.1.1.1", "title": "Фамилия", "isMask": false, "dataType": "STRING", "sortable": true, "dataField": "secondName", "filterable": true, "notGroupable": true, "hideFilterOptions": false, "rememberLastValues": false}
1.4.3.1.1.2|Поле|Имя|firstName|-|-|Нет|!!ToDo: Добавить описание|{"number": "1.4.3.1.1.2", "title": "Имя", "isMask": false, "dataType": "STRING", "sortable": true, "dataField": "firstName", "filterable": true, "notGroupable": true, "hideFilterOptions": false, "rememberLastValues": false}
1.4.3.1.1.3|Поле|Отчество|patronymic|-|-|Нет|!!ToDo: Добавить описание|{"number": "1.4.3.1.1.3", "title": "Отчество", "isMask": false, "dataType": "STRING", "sortable": true, "dataField": "patronymic", "filterable": true, "notGroupable": true, "hideFilterOptions": false, "rememberLastValues": false}
1.4.3.1.1.4|Поле|Должность|position|-|-|Нет|!!ToDo: Добавить описание|{"number": "1.4.3.1.1.4", "title": "Должность", "isMask": false, "dataType": "STRING", "sortable": true, "dataField": "position", "filterable": true, "notGroupable": true, "hideFilterOptions": false, "rememberLastValues": false}
1.4.3.1.1.5|Поле|ИНН|directorInn|-|-|Нет|!!ToDo: Добавить описание|{"number": "1.4.3.1.1.5", "title": "ИНН", "hidden": true, "isMask": false, "dataType": "STRING", "sortable": true, "dataField": "directorInn", "filterable": true, "notGroupable": true, "hideFilterOptions": false, "rememberLastValues": false}
1.4.3.1.1.6|Поле|СНИЛС|directorSnils|-|-|Нет|!!ToDo: Добавить описание|{"number": "1.4.3.1.1.6", "title": "СНИЛС", "hidden": true, "isMask": false, "dataType": "STRING", "sortable": true, "dataField": "directorSnils", "filterable": true, "notGroupable": true, "hideFilterOptions": false, "rememberLastValues": false}
1.4.3.1.1.7|Поле|Наименование НПА|appointmentDocName|-|-|Нет|!!ToDo: Добавить описание|{"number": "1.4.3.1.1.7", "title": "Наименование НПА", "hidden": true, "isMask": false, "dataType": "STRING", "sortable": true, "dataField": "appointmentDocName", "filterable": true, "notGroupable": true, "hideFilterOptions": false, "rememberLastValues": false}
1.4.3.1.1.8|Поле|Номер НПА|appointmentDocNumber|-|-|Нет|!!ToDo: Добавить описание|{"number": "1.4.3.1.1.8", "title": "Номер НПА", "hidden": true, "isMask": false, "dataType": "STRING", "sortable": true, "dataField": "appointmentDocNumber", "filterable": true, "notGroupable": true, "hideFilterOptions": false, "rememberLastValues": false}
1.4.3.1.1.9|Поле|Признак основго|isBasic|-|-|Нет|!!ToDo: Добавить описание|{"number": "1.4.3.1.1.9", "title": "Признак основго", "hidden": true, "isMask": false, "dataType": "STRING", "sortable": true, "dataField": "isBasic", "filterable": true, "notGroupable": true, "hideFilterOptions": false, "rememberLastValues": false}
1.4.3.1.1.10|Поле|Дата НПА|appointmentDocDate|-|-|Нет|!!ToDo: Добавить описание|{"number": "1.4.3.1.1.10", "title": "Дата НПА", "hidden": true, "isMask": false, "dataType": "STRING", "sortable": true, "dataField": "appointmentDocDate", "filterable": true, "notGroupable": true, "hideFilterOptions": false, "rememberLastValues": false}
1.4.3.1|Поле|Признак основго|isBasic|Логический|-|Да|!!ToDo: Добавить описание|{"number": "1.4.3.1", "name": "isBasicField", "type": "CheckboxField", "label": "Признак основго", "readOnly": true, "required": true, "dataField": "isBasic"}
1.4.3.1|Поле|Фамилия|secondName|Текстовый|-|Нет|!!ToDo: Добавить описание|{"number": "1.4.3.1", "name": "secondNameField", "rows": 2, "type": "TextField", "label": "Фамилия", "maxRows": 2, "readOnly": true, "dataField": "secondName"}
1.4.3.1|Поле|Имя|firstName|Текстовый|-|Нет|!!ToDo: Добавить описание|{"number": "1.4.3.1", "name": "firstNameField", "rows": 2, "type": "TextField", "label": "Имя", "maxRows": 2, "readOnly": true, "dataField": "firstName"}
1.4.3.1|Поле|Отчество|patronymic|Текстовый|-|Нет|!!ToDo: Добавить описание|{"number": "1.4.3.1", "name": "patronymicField", "rows": 2, "type": "TextField", "label": "Отчество", "maxRows": 2, "readOnly": true, "dataField": "patronymic"}
1.4.3.1|Поле|Должность|position|Текстовый|-|Нет|!!ToDo: Добавить описание|{"number": "1.4.3.1", "name": "positionField", "rows": 2, "type": "TextField", "label": "Должность", "maxRows": 2, "readOnly": true, "dataField": "position"}
1.4.3.1|Поле|ИНН|directorInn|Текстовый|-|Нет|!!ToDo: Добавить описание|{"number": "1.4.3.1", "name": "directorInnField", "rows": 2, "type": "TextField", "label": "ИНН", "maxRows": 2, "readOnly": true, "dataField": "directorInn"}
1.4.3.1|Поле|СНИЛС|directorSnils|Текстовый|-|Нет|!!ToDo: Добавить описание|{"number": "1.4.3.1", "name": "directorSnilsField", "rows": 2, "type": "TextField", "label": "СНИЛС", "maxRows": 2, "readOnly": true, "dataField": "directorSnils"}
1.4.3.6|Группа полей|Группа полей |-|-|-|-|!!ToDo: Добавить описание|{"number": "1.4.3.6", "name": "fieldGroup31", "type": "FieldGroup", "label": "Документ о назначении руководителя"}
1.4.3.6.1|Поле|Наименование|appointmentDocName|Текстовый|-|Нет|!!ToDo: Добавить описание|{"number": "1.4.3.6.1", "name": "appointmentDocNameField", "rows": 2, "type": "TextField", "label": "Наименование", "maxRows": 2, "readOnly": true, "dataField": "appointmentDocName"}
1.4.3.6.1|Поле|Номер|appointmentDocNumber|Текстовый|-|Нет|!!ToDo: Добавить описание|{"number": "1.4.3.6.1", "name": "appointmentDocNumberField", "rows": 2, "type": "TextField", "label": "Номер", "maxRows": 2, "readOnly": true, "dataField": "appointmentDocNumber"}
1.4.3.6.1|Поле|Дата|appointmentDocDate|Дата/Время|-|Нет|!!ToDo: Добавить описание|{"number": "1.4.3.6.1", "name": "appointmentDocDateField", "type": "DateField", "label": "Дата", "readOnly": true, "dataField": "appointmentDocDate"}
1.4.4|Раздел|Раздел "Информация о видах деятельности"|-|-|-|-|!!ToDo: Добавить описание|{"number": "1.4.4", "name": "details9", "type": "Details", "title": "Информация о видах деятельности", "compact": true, "bordered": true, "collapsible": true, "headerBordered": true}
1.4.4.1|Поле|Информация о видах деятельности (по данным ЕГРЮЛ)|InfoActivitiTypes|None|-|Нет|!!ToDo: Добавить описание|{"number": "1.4.4.1", "name": "infoActivitiTypesField", "type": "TableField", "label": "Информация о видах деятельности (по данным ЕГРЮЛ)", "readOnly": false, "dataField": "InfoActivitiTypes", "hideFooter": true, "suppressCollapse": true}
1.4.4.1.1.1|Поле|Код ОКВЭД|okvedCode|-|-|Нет|!!ToDo: Добавить описание|{"number": "1.4.4.1.1.1", "title": "Код ОКВЭД", "isMask": false, "dataType": "STRING", "sortable": true, "dataField": "okvedCode", "filterable": true, "notGroupable": true, "hideFilterOptions": false, "rememberLastValues": false}
1.4.4.1.1.2|Поле|Наименование вида экономической деятельности|economicActivityType|-|-|Нет|!!ToDo: Добавить описание|{"number": "1.4.4.1.1.2", "title": "Наименование вида экономической деятельности", "isMask": false, "dataType": "STRING", "sortable": true, "dataField": "economicActivityType", "filterable": true, "notGroupable": true, "hideFilterOptions": false, "rememberLastValues": false}
1.4.4.1.1.3|Поле|Тип вида деятельности|activityType|-|-|Нет|!!ToDo: Добавить описание|{"number": "1.4.4.1.1.3", "title": "Тип вида деятельности", "isMask": false, "dataType": "STRING", "sortable": true, "dataField": "activityType", "filterable": true, "notGroupable": true, "hideFilterOptions": false, "rememberLastValues": false}
1.4.4.1.1.4|Поле|Дата включения в Мос.реестр|mosRegistryInclusionDate|-|-|Нет|!!ToDo: Добавить описание|{"number": "1.4.4.1.1.4", "title": "Дата включения в Мос.реестр", "isMask": false, "dataType": "STRING", "sortable": true, "dataField": "mosRegistryInclusionDate", "filterable": true, "notGroupable": true, "hideFilterOptions": false, "rememberLastValues": false}
1.4.5|Раздел|Раздел "Ликвидация/реорганизация"|-|-|-|-|!!ToDo: Добавить описание|{"number": "1.4.5", "name": "details10", "type": "Details", "title": "Ликвидация/реорганизация", "compact": true, "bordered": true, "collapsible": true, "headerBordered": true}
1.4.5.1|Раздел|Раздел "Сведения о том, что организация находится в процессе ликвидации или реорганизации"|-|-|-|-|!!ToDo: Добавить описание|{"number": "1.4.5.1", "name": "details15", "type": "Details", "title": "Сведения о том, что организация находится в процессе ликвидации или реорганизации", "compact": true}
1.4.5.1.1|Группа полей|Группа полей |-|-|-|-|!!ToDo: Добавить описание|{"number": "1.4.5.1.1", "name": "fieldGroup29", "type": "FieldGroup", "label": "Данные организации"}
1.4.5.1.1.1|Поле|Номер документа о реорганизации/ликвидации|reorganizationDocNumber|Текстовый|-|Нет|!!ToDo: Добавить описание|{"number": "1.4.5.1.1.1", "name": "reorganizationDocNumberField", "rows": 2, "type": "TextField", "label": "Номер документа о реорганизации/ликвидации", "maxRows": 2, "readOnly": false, "dataField": "reorganizationDocNumber"}
1.4.5.1.1.1|Поле|Дата документа о реорганизации/ликвидации|reorganizationDocDate|Дата/Время|-|Нет|!!ToDo: Добавить описание|{"number": "1.4.5.1.1.1", "name": "reorganizationDocDateField", "type": "DateField", "label": "Дата документа о реорганизации/ликвидации", "readOnly": false, "dataField": "reorganizationDocDate"}
1.4.5.1.1.1|Поле|Наименование документа о реорганизации/ликвидации|reorganizationDocName|Текстовый|-|Нет|!!ToDo: Добавить описание|{"number": "1.4.5.1.1.1", "name": "reorganizationDocNameField", "rows": 2, "type": "TextField", "label": "Наименование документа о реорганизации/ликвидации", "maxRows": 2, "readOnly": false, "dataField": "reorganizationDocName"}
1.4.5.2|Группа полей|Группа полей |-|-|-|-|!!ToDo: Добавить описание|{"number": "1.4.5.2", "name": "fieldGroup30", "type": "FieldGroup", "label": "Данные из ЕГРЮЛ"}
1.4.5.2.1|Поле|Дата внесения записи о начале процедуры|procedureStartDate|Дата/Время|-|Нет|!!ToDo: Добавить описание|{"number": "1.4.5.2.1", "name": "procedureStartDateField", "type": "DateField", "label": "Дата внесения записи о начале процедуры", "readOnly": true, "dataField": "procedureStartDate"}
1.4.5.2.1|Поле|Дата прекращения деятельности|terminationDate|Дата/Время|-|Нет|!!ToDo: Добавить описание|{"number": "1.4.5.2.1", "name": "terminationDateField", "type": "DateField", "label": "Дата прекращения деятельности", "readOnly": true, "dataField": "terminationDate"}
1.4.5.2.1|Поле|Код формы реорганизации|reorganizationCode|Текстовый|-|Нет|!!ToDo: Добавить описание|{"number": "1.4.5.2.1", "name": "reorganizationCodeField", "rows": 2, "type": "TextField", "label": "Код формы реорганизации", "maxRows": 2, "readOnly": true, "dataField": "reorganizationCode"}
1.4.5.2.1|Поле|Наименование формы реорганизации|reorganizationName|Текстовый|-|Нет|!!ToDo: Добавить описание|{"number": "1.4.5.2.1", "name": "reorganizationNameField", "rows": 2, "type": "TextField", "label": "Наименование формы реорганизации", "maxRows": 2, "readOnly": true, "dataField": "reorganizationName"}
1.4.5.2.1|Поле|Сведения о правопреемстве|successionInfo|None|-|Нет|!!ToDo: Добавить описание|{"number": "1.4.5.2.1", "name": "successionInfoField", "type": "TableField", "label": "Сведения о правопреемстве", "readOnly": false, "dataField": "successionInfo", "hideFooter": true, "suppressCollapse": true}
1.4.5.2.1.1.1|Поле|Код по Мос.реестру|moscowRegistryCode|-|-|Нет|!!ToDo: Добавить описание|{"number": "1.4.5.2.1.1.1", "title": "Код по Мос.реестру", "isMask": false, "dataType": "STRING", "sortable": true, "dataField": "moscowRegistryCode", "filterable": true, "notGroupable": true, "hideFilterOptions": false, "rememberLastValues": false}
1.4.5.2.1.1.2|Поле|ОГРН (по данным ЕГРЮЛ)|ogrnEgrul|-|-|Нет|!!ToDo: Добавить описание|{"number": "1.4.5.2.1.1.2", "title": "ОГРН (по данным ЕГРЮЛ)", "isMask": false, "dataType": "STRING", "sortable": true, "dataField": "ogrnEgrul", "filterable": true, "notGroupable": true, "hideFilterOptions": false, "rememberLastValues": false}
1.4.5.2.1.1.3|Поле|Полное наименование (по данным ЕГРЮЛ)|fullNameEgrul|-|-|Нет|!!ToDo: Добавить описание|{"number": "1.4.5.2.1.1.3", "title": "Полное наименование (по данным ЕГРЮЛ)", "isMask": false, "dataType": "STRING", "sortable": true, "dataField": "fullNameEgrul", "filterable": true, "notGroupable": true, "hideFilterOptions": false, "rememberLastValues": false}
1.4.5.2.1.1.4|Поле|ИНН (по данным ЕГРЮЛ)|innEgrul|-|-|Нет|!!ToDo: Добавить описание|{"number": "1.4.5.2.1.1.4", "title": "ИНН (по данным ЕГРЮЛ)", "isMask": false, "dataType": "STRING", "sortable": true, "dataField": "innEgrul", "filterable": true, "notGroupable": true, "hideFilterOptions": false, "rememberLastValues": false}
1.4.5.2.1.1.5|Поле|Тип (по данным ЕГРЮЛ)|typeEgrul|-|-|Нет|!!ToDo: Добавить описание|{"number": "1.4.5.2.1.1.5", "title": "Тип (по данным ЕГРЮЛ)", "hidden": true, "isMask": false, "dataType": "STRING", "sortable": true, "dataField": "typeEgrul", "filterable": true, "notGroupable": true, "hideFilterOptions": false, "rememberLastValues": false}
1.4.5.2.1.1.6|Поле|Причина|reason|-|-|Нет|!!ToDo: Добавить описание|{"number": "1.4.5.2.1.1.6", "title": "Причина", "hidden": true, "isMask": false, "dataType": "STRING", "sortable": true, "dataField": "reason", "filterable": true, "notGroupable": true, "hideFilterOptions": false, "rememberLastValues": false}
1.4.5.2.1.1.7|Поле|Дата начала действия|startDateEgrul|-|-|Нет|!!ToDo: Добавить описание|{"number": "1.4.5.2.1.1.7", "title": "Дата начала действия", "hidden": true, "isMask": false, "dataType": "STRING", "sortable": true, "dataField": "startDateEgrul", "filterable": true, "notGroupable": true, "hideFilterOptions": false, "rememberLastValues": false}
1.4.6|Раздел|Раздел "Счета"|-|-|-|-|!!ToDo: Добавить описание|{"number": "1.4.6", "name": "details11", "type": "Details", "title": "Счета", "compact": true, "bordered": true, "collapsible": true, "headerBordered": true}
1.4.6.1|Поле|Сведения о лицевых счетах, открытых организаций в финансовом органе города Москвы|mosPersonalAccountInformation|None|-|Нет|!!ToDo: Добавить описание|{"number": "1.4.6.1", "name": "mosPersonalAccountInformationField", "type": "TableField", "label": "Сведения о лицевых счетах, открытых организаций в финансовом органе города Москвы", "readOnly": false, "dataField": "mosPersonalAccountInformation", "hideFooter": true, "suppressCollapse": true}
1.4.6.1.1.1|Поле|Тип лицевого счета|personalAccountType|-|-|Нет|!!ToDo: Добавить описание|{"number": "1.4.6.1.1.1", "title": "Тип лицевого счета", "isMask": false, "dataType": "STRING", "sortable": true, "dataField": "personalAccountType", "filterable": true, "notGroupable": true, "hideFilterOptions": false, "rememberLastValues": false}
1.4.6.1.1.2|Поле|Номер лицевого счета|personalAccountNumber|-|-|Нет|!!ToDo: Добавить описание|{"number": "1.4.6.1.1.2", "title": "Номер лицевого счета", "isMask": false, "dataType": "STRING", "sortable": true, "dataField": "personalAccountNumber", "filterable": true, "notGroupable": true, "hideFilterOptions": false, "rememberLastValues": false}
1.4.6.1.1.3|Поле|БИК|bik|-|-|Нет|!!ToDo: Добавить описание|{"number": "1.4.6.1.1.3", "title": "БИК", "isMask": false, "dataType": "STRING", "sortable": true, "dataField": "bik", "filterable": true, "notGroupable": true, "hideFilterOptions": false, "rememberLastValues": false}
1.4.6.1.1.4|Поле|Наименование банка/ТОФК|bankNameTofk|-|-|Нет|!!ToDo: Добавить описание|{"number": "1.4.6.1.1.4", "title": "Наименование банка/ТОФК", "isMask": false, "dataType": "STRING", "sortable": true, "dataField": "bankNameTofk", "filterable": true, "notGroupable": true, "hideFilterOptions": false, "rememberLastValues": false}
1.4.6.1.1.5|Поле|Корреспондентский счет|correspondentAccount|-|-|Нет|!!ToDo: Добавить описание|{"number": "1.4.6.1.1.5", "title": "Корреспондентский счет", "hidden": true, "isMask": false, "dataType": "STRING", "sortable": true, "dataField": "correspondentAccount", "filterable": true, "notGroupable": true, "hideFilterOptions": false, "rememberLastValues": false}
1.4.6.1.1.6|Поле|Номер банковского счета/казначейского счета|bankNumber|-|-|Нет|!!ToDo: Добавить описание|{"number": "1.4.6.1.1.6", "title": "Номер банковского счета/казначейского счета", "hidden": true, "isMask": false, "dataType": "STRING", "sortable": true, "dataField": "bankNumber", "filterable": true, "notGroupable": true, "hideFilterOptions": false, "rememberLastValues": false}
1.4.6.1.1.7|Поле|Код ТОФК|tofkCode|-|-|Нет|!!ToDo: Добавить описание|{"number": "1.4.6.1.1.7", "title": "Код ТОФК", "hidden": true, "isMask": false, "dataType": "STRING", "sortable": true, "dataField": "tofkCode", "filterable": true, "notGroupable": true, "hideFilterOptions": false, "rememberLastValues": false}
1.4.6.1.1.8|Поле|Дата открытия|startDate|-|-|Нет|!!ToDo: Добавить описание|{"number": "1.4.6.1.1.8", "title": "Дата открытия", "hidden": true, "isMask": false, "dataType": "STRING", "sortable": true, "dataField": "startDate", "filterable": true, "notGroupable": true, "hideFilterOptions": false, "rememberLastValues": false}
1.4.6.1.1.9|Поле|Дата закрытия|endDate|-|-|Нет|!!ToDo: Добавить описание|{"number": "1.4.6.1.1.9", "title": "Дата закрытия", "hidden": true, "isMask": false, "dataType": "STRING", "sortable": true, "dataField": "endDate", "filterable": true, "notGroupable": true, "hideFilterOptions": false, "rememberLastValues": false}
1.4.6.1.1.10|Поле|Код ФО|foCode|-|-|Нет|!!ToDo: Добавить описание|{"number": "1.4.6.1.1.10", "title": "Код ФО", "hidden": true, "isMask": false, "dataType": "STRING", "sortable": true, "dataField": "foCode", "filterable": true, "notGroupable": true, "hideFilterOptions": false, "rememberLastValues": false}
1.4.6.1.1.11|Поле|Наименование ФО|foName|-|-|Нет|!!ToDo: Добавить описание|{"number": "1.4.6.1.1.11", "title": "Наименование ФО", "hidden": true, "isMask": false, "dataType": "STRING", "sortable": true, "dataField": "foName", "filterable": true, "notGroupable": true, "hideFilterOptions": false, "rememberLastValues": false}
1.4.6.1|Поле|Сведения о счетах, открытых организации в кредитных организациях|accountInfo|None|-|Нет|!!ToDo: Добавить описание|{"number": "1.4.6.1", "name": "accountInfoField", "type": "TableField", "label": "Сведения о счетах, открытых организации в кредитных организациях", "readOnly": false, "dataField": "accountInfo", "hideFooter": true, "suppressCollapse": true}
1.4.6.1.1.1|Поле|БИК|bik|-|-|Нет|!!ToDo: Добавить описание|{"number": "1.4.6.1.1.1", "title": "БИК", "isMask": false, "dataType": "STRING", "sortable": true, "dataField": "bik", "filterable": true, "notGroupable": true, "hideFilterOptions": false, "rememberLastValues": false}
1.4.6.1.1.2|Поле|Номер корр.счета в банка|bankCorrespondentAccount|-|-|Нет|!!ToDo: Добавить описание|{"number": "1.4.6.1.1.2", "title": "Номер корр.счета в банка", "isMask": false, "dataType": "STRING", "sortable": true, "dataField": "bankCorrespondentAccount", "filterable": true, "notGroupable": true, "hideFilterOptions": false, "rememberLastValues": false}
1.4.6.1.1.3|Поле|Наименование банка|bankName|-|-|Нет|!!ToDo: Добавить описание|{"number": "1.4.6.1.1.3", "title": "Наименование банка", "isMask": false, "dataType": "STRING", "sortable": true, "dataField": "bankName", "filterable": true, "notGroupable": true, "hideFilterOptions": false, "rememberLastValues": false}
1.4.6.1.1.4|Поле|Номер банковского счета|bankNumber|-|-|Нет|!!ToDo: Добавить описание|{"number": "1.4.6.1.1.4", "title": "Номер банковского счета", "isMask": false, "dataType": "STRING", "sortable": true, "dataField": "bankNumber", "filterable": true, "notGroupable": true, "hideFilterOptions": false, "rememberLastValues": false}
1.4.6.1.1.5|Поле|Дата открытия|startDate|-|-|Нет|!!ToDo: Добавить описание|{"number": "1.4.6.1.1.5", "title": "Дата открытия", "hidden": true, "isMask": false, "dataType": "STRING", "sortable": true, "dataField": "startDate", "filterable": true, "notGroupable": true, "hideFilterOptions": false, "rememberLastValues": false}
1.4.6.1.1.6|Поле|Дата закрытия|endDate|-|-|Нет|!!ToDo: Добавить описание|{"number": "1.4.6.1.1.6", "title": "Дата закрытия", "hidden": true, "isMask": false, "dataType": "STRING", "sortable": true, "dataField": "endDate", "filterable": true, "notGroupable": true, "hideFilterOptions": false, "rememberLastValues": false}
1.4.6.1|Поле|Сведения о лицевых счетах, открытых организации в территориальном органе Федерального казначейства (ТОФК)|tofkPersonalAccountInformation|None|-|Нет|!!ToDo: Добавить описание|{"number": "1.4.6.1", "name": "tofkPersonalAccountInformationField", "type": "TableField", "label": "Сведения о лицевых счетах, открытых организации в территориальном органе Федерального казначейства (ТОФК)", "readOnly": false, "dataField": "tofkPersonalAccountInformation", "hideFooter": true, "suppressCollapse": true}
1.4.6.1.1.1|Поле|Номер лицевого счета|personalAccountNumber|-|-|Нет|!!ToDo: Добавить описание|{"number": "1.4.6.1.1.1", "title": "Номер лицевого счета", "isMask": false, "dataType": "STRING", "sortable": true, "dataField": "personalAccountNumber", "filterable": true, "notGroupable": true, "hideFilterOptions": false, "rememberLastValues": false}
1.4.6.1.1.2|Поле|Тип лицевого счета|personalAccountType|-|-|Нет|!!ToDo: Добавить описание|{"number": "1.4.6.1.1.2", "title": "Тип лицевого счета", "isMask": false, "dataType": "STRING", "sortable": true, "dataField": "personalAccountType", "filterable": true, "notGroupable": true, "hideFilterOptions": false, "rememberLastValues": false}
1.4.6.1.1.3|Поле|Наименование лицевого счета|personalAccountName|-|-|Нет|!!ToDo: Добавить описание|{"number": "1.4.6.1.1.3", "title": "Наименование лицевого счета", "isMask": false, "dataType": "STRING", "sortable": true, "dataField": "personalAccountName", "filterable": true, "notGroupable": true, "hideFilterOptions": false, "rememberLastValues": false}
1.4.6.1.1.4|Поле|Код ТОФК обслуживания|tofkCode|-|-|Нет|!!ToDo: Добавить описание|{"number": "1.4.6.1.1.4", "title": "Код ТОФК обслуживания", "isMask": false, "dataType": "STRING", "sortable": true, "dataField": "tofkCode", "filterable": true, "notGroupable": true, "hideFilterOptions": false, "rememberLastValues": false}
1.4.6.1.1.5|Поле|Наименование ТОФК обслуживания|tofkName|-|-|Нет|!!ToDo: Добавить описание|{"number": "1.4.6.1.1.5", "title": "Наименование ТОФК обслуживания", "hidden": true, "isMask": false, "dataType": "STRING", "sortable": true, "dataField": "tofkName", "filterable": true, "notGroupable": true, "hideFilterOptions": false, "rememberLastValues": false}
1.4.6.1.1.6|Поле|БИК|bik|-|-|Нет|!!ToDo: Добавить описание|{"number": "1.4.6.1.1.6", "title": "БИК", "hidden": true, "isMask": false, "dataType": "STRING", "sortable": true, "dataField": "bik", "filterable": true, "notGroupable": true, "hideFilterOptions": false, "rememberLastValues": false}
1.4.6.1.1.7|Поле|Корр.счет|correspondentAccount|-|-|Нет|!!ToDo: Добавить описание|{"number": "1.4.6.1.1.7", "title": "Корр.счет", "hidden": true, "isMask": false, "dataType": "STRING", "sortable": true, "dataField": "correspondentAccount", "filterable": true, "notGroupable": true, "hideFilterOptions": false, "rememberLastValues": false}
1.4.6.1.1.8|Поле|Казначейский счет|bankNumber|-|-|Нет|!!ToDo: Добавить описание|{"number": "1.4.6.1.1.8", "title": "Казначейский счет", "hidden": true, "isMask": false, "dataType": "STRING", "sortable": true, "dataField": "bankNumber", "filterable": true, "notGroupable": true, "hideFilterOptions": false, "rememberLastValues": false}
1.4.6.1.1.9|Поле|Дата открытия|startDate|-|-|Нет|!!ToDo: Добавить описание|{"number": "1.4.6.1.1.9", "title": "Дата открытия", "hidden": true, "isMask": false, "dataType": "STRING", "sortable": true, "dataField": "startDate", "filterable": true, "notGroupable": true, "hideFilterOptions": false, "rememberLastValues": false}
1.4.6.1.1.10|Поле|Дата закрытия|endDate|-|-|Нет|!!ToDo: Добавить описание|{"number": "1.4.6.1.1.10", "title": "Дата закрытия", "hidden": true, "isMask": false, "dataType": "STRING", "sortable": true, "dataField": "endDate", "filterable": true, "notGroupable": true, "hideFilterOptions": false, "rememberLastValues": false}
1.4.7|Раздел|Раздел "Полномочия"|-|-|-|-|!!ToDo: Добавить описание|{"number": "1.4.7", "name": "details12", "type": "Details", "title": "Полномочия", "compact": true, "bordered": true, "boxShadow": false, "collapsible": true, "headerBordered": true}
1.4.7.1|Поле|-|authority|None|-|Нет|!!ToDo: Добавить описание|{"number": "1.4.7.1", "name": "authorityField", "type": "TableField", "readOnly": false, "dataField": "authority", "hideFooter": true, "suppressCollapse": true}
1.4.7.1.1.1|Поле|Код полномочия|authorityCode|-|-|Нет|!!ToDo: Добавить описание|{"number": "1.4.7.1.1.1", "title": "Код полномочия", "isMask": false, "dataType": "STRING", "sortable": true, "dataField": "authorityCode", "filterable": true, "notGroupable": true, "hideFilterOptions": false, "rememberLastValues": false}
1.4.7.1.1.2|Поле|Наименование полномочия|authorityName|-|-|Нет|!!ToDo: Добавить описание|{"number": "1.4.7.1.1.2", "title": "Наименование полномочия", "isMask": false, "dataType": "STRING", "sortable": true, "dataField": "authorityName", "filterable": true, "notGroupable": true, "hideFilterOptions": false, "rememberLastValues": false}
1.4.7.1.1.3|Поле|Код по Мос.реестру УНК|mosRegistryUnkCode|-|-|Нет|!!ToDo: Добавить описание|{"number": "1.4.7.1.1.3", "title": "Код по Мос.реестру УНК", "isMask": false, "dataType": "STRING", "sortable": true, "dataField": "mosRegistryUnkCode", "filterable": true, "notGroupable": true, "hideFilterOptions": false, "rememberLastValues": false}
1.4.7.1.1.4|Поле|Код главы по БК|bcHeadCode|-|-|Нет|!!ToDo: Добавить описание|{"number": "1.4.7.1.1.4", "title": "Код главы по БК", "isMask": false, "dataType": "STRING", "sortable": true, "dataField": "bcHeadCode", "filterable": true, "notGroupable": true, "hideFilterOptions": false, "rememberLastValues": false}
1.4.7.1.1.5|Поле|Наименование бюджета, в рамках которого передано полномочие|authorityBudgetName|-|-|Нет|!!ToDo: Добавить описание|{"number": "1.4.7.1.1.5", "title": "Наименование бюджета, в рамках которого передано полномочие", "hidden": true, "isMask": false, "dataType": "STRING", "sortable": true, "dataField": "authorityBudgetName", "filterable": true, "notGroupable": true, "hideFilterOptions": false, "rememberLastValues": false}
1.4.7.1.1.6|Поле|Дата начала|authorityStartDate|-|-|Нет|!!ToDo: Добавить описание|{"number": "1.4.7.1.1.6", "title": "Дата начала", "hidden": true, "isMask": false, "dataType": "STRING", "sortable": true, "dataField": "authorityStartDate", "filterable": true, "notGroupable": true, "hideFilterOptions": false, "rememberLastValues": false}
1.4.7.1.1.7|Поле|Дата окончания|authorityEndDate|-|-|Нет|!!ToDo: Добавить описание|{"number": "1.4.7.1.1.7", "title": "Дата окончания", "hidden": true, "isMask": false, "dataType": "STRING", "sortable": true, "dataField": "authorityEndDate", "filterable": true, "notGroupable": true, "hideFilterOptions": false, "rememberLastValues": false}
1.4.7.1|Поле|Наименование полномочия|authorityName|Текстовый|-|Да|!!ToDo: Добавить описание|{"number": "1.4.7.1", "name": "authorityNameField", "rows": 2, "type": "TextField", "label": "Наименование полномочия", "maxRows": 2, "readOnly": false, "required": true, "dataField": "authorityName"}
1.4.7.1|Поле|Информация по переданным полномочиям|isTransferred|Логический|-|Да|!!ToDo: Добавить описание|{"number": "1.4.7.1", "name": "isTransferredField", "type": "CheckboxField", "label": "Информация по переданным полномочиям", "readOnly": true, "required": true, "dataField": "isTransferred"}
1.4.7.1|Поле|Код по Мос.реестру УНК передавшего полномочия|mosRegistryUnkCode|Текстовый|-|Нет|!!ToDo: Добавить описание|{"number": "1.4.7.1", "name": "mosRegistryUnkCodeField", "rows": 2, "type": "TextField", "label": "Код по Мос.реестру УНК передавшего полномочия", "maxRows": 2, "readOnly": true, "dataField": "mosRegistryUnkCode"}
1.4.7.1|Поле|Код главы по БК|bcHeadCode|Текстовый|-|Нет|!!ToDo: Добавить описание|{"number": "1.4.7.1", "name": "bcHeadCodeField", "rows": 2, "type": "TextField", "label": "Код главы по БК", "maxRows": 2, "readOnly": true, "dataField": "bcHeadCode"}
1.4.7.1|Поле|Бюджет, в рамках которого передано полномочие|authorityBudgetName|Текстовый|-|Нет|!!ToDo: Добавить описание|{"number": "1.4.7.1", "name": "authorityBudgetNameField", "rows": 2, "type": "TextField", "label": "Бюджет, в рамках которого передано полномочие", "maxRows": 2, "readOnly": true, "dataField": "authorityBudgetName"}
1.4.7.1|Поле|Дата начала|authorityStartDate|Дата/Время|-|Нет|!!ToDo: Добавить описание|{"number": "1.4.7.1", "name": "authorityStartDateField", "type": "DateField", "label": "Дата начала", "readOnly": true, "dataField": "authorityStartDate"}
1.4.7.1|Поле|Дата окончания|authorityEndDate|Дата/Время|-|Нет|!!ToDo: Добавить описание|{"number": "1.4.7.1", "name": "authorityEndDateField", "type": "DateField", "label": "Дата окончания", "readOnly": true, "dataField": "authorityEndDate"}
1.5|Вкладка|Вкладка "Документы-основания"|-|-|-|-|!!ToDo: Добавить описание|{"number": "1.5", "name": "formSection5", "type": "FormSection", "title": "Документы-основания"}
1.5.1|Раздел|Раздел "Данные документов"|-|-|-|-|!!ToDo: Добавить описание|{"number": "1.5.1", "name": "details14", "type": "Details", "title": "Данные документов", "compact": true, "bordered": true, "collapsible": true, "headerBordered": true}
1.5.1.1|Поле|-|-|None|-|Нет|!!ToDo: Добавить описание|{"number": "1.5.1.1", "name": "asugfPaRecordAttachmentField1", "type": "AsugfPaRecordAttachmentField"}
