1|Поле|-|-|-|-|Нет|!!ToDo: Добавить описание|{"number": "1", "isView": false, "tableName": "PAMOSREGISTRYAPPLICATION", "isFullTextSearch": false, "greenplumReplicatedOption": true}
1.1|Поле|Дата включения в Мос. Реестр|mosRegistryDate|Дата|-|Нет|!!ToDo: Добавить описание|{"number": "1.1", "name": "mosRegistryDate", "static": true, "dataType": "DATE", "fetchMode": "NORMAL", "calculated": false, "displayName": "Дата включения в Мос. Реестр", "fullTextIndexed": false, "hideFilterOptions": false}
1.1.1|Поле|-|-|-|-|Нет|!!ToDo: Добавить описание|{"number": "1.1.1", "maxDate": "2100-01-01T00:00:00", "minDate": "1900-01-01T00:00:00"}
1.2|Поле|Код по Московскому реестру|mosRegistryCode|Текстовый|-|Нет|!!ToDo: Добавить описание|{"number": "1.2", "name": "mosRegistryCode", "static": true, "dataType": "STRING", "fetchMode": "NORMAL", "calculated": false, "displayName": "Код по Московскому реестру", "fullTextIndexed": false, "hideFilterOptions": false}
1.3|Поле|Код ГРБС|grbsCode|Текстовый|-|Нет|!!ToDo: Добавить описание|{"number": "1.3", "name": "grbsCode", "static": true, "dataType": "STRING", "fetchMode": "NORMAL", "calculated": false, "displayName": "Код ГРБС", "fullTextIndexed": false, "hideFilterOptions": false}
1.4|Поле|Наименование ГРБС|grbsName|Текстовый|-|Нет|!!ToDo: Добавить описание|{"number": "1.4", "name": "grbsName", "static": true, "dataType": "STRING", "fetchMode": "NORMAL", "calculated": false, "displayName": "Наименование ГРБС", "fullTextIndexed": false, "hideFilterOptions": false}
1.5|Поле|Дата начала действия|startDate|Дата|-|Нет|!!ToDo: Добавить описание|{"number": "1.5", "name": "startDate", "static": true, "dataType": "DATE", "fetchMode": "NORMAL", "calculated": false, "displayName": "Дата начала действия", "fullTextIndexed": false, "hideFilterOptions": false}
1.5.1|Поле|-|-|-|-|Нет|!!ToDo: Добавить описание|{"number": "1.5.1", "maxDate": "2100-01-01T00:00:00", "minDate": "1900-01-01T00:00:00"}
1.6|Поле|Дата окончания действия|endDate|Дата|-|Нет|!!ToDo: Добавить описание|{"number": "1.6", "name": "endDate", "static": true, "dataType": "DATE", "fetchMode": "NORMAL", "calculated": false, "displayName": "Дата окончания действия", "fullTextIndexed": false, "hideFilterOptions": false}
1.6.1|Поле|-|-|-|-|Нет|!!ToDo: Добавить описание|{"number": "1.6.1", "maxDate": "2100-01-01T00:00:00", "minDate": "1900-01-01T00:00:00"}
1.7|Поле|Является учредителем (Сведения об учредителе)|isFounder|Логический|-|Да|!!ToDo: Добавить описание|{"number": "1.7", "name": "isFounder", "static": true, "dataType": "BOOLEAN", "required": true, "fetchMode": "NORMAL", "calculated": false, "displayName": "Является учредителем (Сведения об учредителе)", "defaultValue": false, "fullTextIndexed": false, "defaultValueMode": "CONST", "hideFilterOptions": false}
1.7.1|Поле|-|-|-|-|Нет|!!ToDo: Добавить описание|{"number": "1.7.1"}
1.8|Поле|Является обособленным подразделением (Сведения об обособленном подразделении)|isSeparateSub|Логический|-|Да|!!ToDo: Добавить описание|{"number": "1.8", "name": "isSeparateSub", "static": true, "dataType": "BOOLEAN", "required": true, "fetchMode": "NORMAL", "calculated": false, "displayName": "Является обособленным подразделением (Сведения об обособленном подразделении)", "defaultValue": false, "fullTextIndexed": false, "defaultValueMode": "CONST", "hideFilterOptions": false}
1.8.1|Поле|-|-|-|-|Нет|!!ToDo: Добавить описание|{"number": "1.8.1"}
1.9|Поле|Сведения о создании организации (c участием/без участия города Москвы)|isEstablishmentInfo|Логический|-|Да|!!ToDo: Добавить описание|{"number": "1.9", "name": "isEstablishmentInfo", "static": true, "dataType": "BOOLEAN", "required": true, "fetchMode": "NORMAL", "calculated": false, "displayName": "Сведения о создании организации (c участием/без участия города Москвы)", "defaultValue": false, "fullTextIndexed": false, "defaultValueMode": "CONST", "hideFilterOptions": false}
1.9.1|Поле|-|-|-|-|Нет|!!ToDo: Добавить описание|{"number": "1.9.1"}
1.10|Поле|ИНН|inn|Текстовый|-|Нет|!!ToDo: Добавить описание|{"number": "1.10", "name": "inn", "static": true, "dataType": "STRING", "fetchMode": "NORMAL", "calculated": false, "displayName": "ИНН", "fullTextIndexed": false, "hideFilterOptions": false}
1.11|Поле|КПП|kpp|Текстовый|-|Нет|!!ToDo: Добавить описание|{"number": "1.11", "name": "kpp", "static": true, "dataType": "STRING", "fetchMode": "NORMAL", "calculated": false, "displayName": "КПП", "fullTextIndexed": false, "hideFilterOptions": false}
1.12|Поле|ОГРН|ogrn|Текстовый|-|Нет|!!ToDo: Добавить описание|{"number": "1.12", "name": "ogrn", "static": true, "dataType": "STRING", "fetchMode": "NORMAL", "calculated": false, "displayName": "ОГРН", "fullTextIndexed": false, "hideFilterOptions": false}
1.13|Поле|Код по Сводному реестру|consolidatedRegisterCode|Текстовый|-|Нет|!!ToDo: Добавить описание|{"number": "1.13", "name": "consolidatedRegisterCode", "static": true, "dataType": "STRING", "fetchMode": "NORMAL", "calculated": false, "displayName": "Код по Сводному реестру", "fullTextIndexed": false, "hideFilterOptions": false}
1.14|Поле|Дата постановки на учет в ФНС России (по данным ЕГРЮЛ)|registrationFtsDate|Дата|-|Нет|!!ToDo: Добавить описание|{"number": "1.14", "name": "registrationFtsDate", "static": true, "dataType": "DATE", "fetchMode": "NORMAL", "calculated": false, "displayName": "Дата постановки на учет в ФНС России (по данным ЕГРЮЛ)", "fullTextIndexed": false, "hideFilterOptions": false}
1.14.1|Поле|-|-|-|-|Нет|!!ToDo: Добавить описание|{"number": "1.14.1", "maxDate": "2100-01-01T00:00:00", "minDate": "1900-01-01T00:00:00"}
1.15|Поле|Код УНК|unkCode|Текстовый|-|Нет|!!ToDo: Добавить описание|{"number": "1.15", "name": "unkCode", "static": true, "dataType": "STRING", "fetchMode": "NORMAL", "calculated": false, "displayName": "Код УНК", "fullTextIndexed": false, "hideFilterOptions": false}
1.16|Поле|КПП крупнейшего налогоплательщика (при наличии)|taxPayerKpp|Текстовый|-|Нет|!!ToDo: Добавить описание|{"number": "1.16", "name": "taxPayerKpp", "static": true, "dataType": "STRING", "fetchMode": "NORMAL", "calculated": false, "displayName": "КПП крупнейшего налогоплательщика (при наличии)", "fullTextIndexed": false, "hideFilterOptions": false}
1.16.1|Поле|-|-|-|-|Нет|!!ToDo: Добавить описание|{"number": "1.16.1"}
1.17|Поле|Тип организации|orgType|Текстовый|-|Нет|!!ToDo: Добавить описание|{"number": "1.17", "name": "orgType", "static": true, "dataType": "STRING", "fetchMode": "NORMAL", "calculated": false, "displayName": "Тип организации", "fullTextIndexed": false, "hideFilterOptions": false}
1.18|Поле|Тип учреждения|institutionType|Текстовый|-|Нет|!!ToDo: Добавить описание|{"number": "1.18", "name": "institutionType", "static": true, "dataType": "STRING", "fetchMode": "NORMAL", "calculated": false, "displayName": "Тип учреждения", "fullTextIndexed": false, "hideFilterOptions": false}
1.19|Поле|Телефон организации|orgPhone|Текстовый|-|Нет|!!ToDo: Добавить описание|{"number": "1.19", "name": "orgPhone", "static": true, "dataType": "STRING", "fetchMode": "NORMAL", "calculated": false, "displayName": "Телефон организации", "fullTextIndexed": false, "hideFilterOptions": false}
1.20|Поле|Уровень бюджета|budgetLevel|Текстовый|-|Нет|!!ToDo: Добавить описание|{"number": "1.20", "name": "budgetLevel", "static": true, "dataType": "STRING", "fetchMode": "NORMAL", "calculated": false, "displayName": "Уровень бюджета", "fullTextIndexed": false, "hideFilterOptions": false}
1.21|Поле|Наименование (Уровня бюджета)|budgetLevelName|Текстовый|-|Нет|!!ToDo: Добавить описание|{"number": "1.21", "name": "budgetLevelName", "static": true, "dataType": "STRING", "fetchMode": "NORMAL", "calculated": false, "displayName": "Наименование (Уровня бюджета)", "fullTextIndexed": false, "hideFilterOptions": false}
1.22|Поле|Бюджет|budget|Текстовый|-|Нет|!!ToDo: Добавить описание|{"number": "1.22", "name": "budget", "static": true, "dataType": "STRING", "fetchMode": "NORMAL", "calculated": false, "displayName": "Бюджет", "fullTextIndexed": false, "hideFilterOptions": false}
1.23|Поле|Наименование (Бюджета)|budgetName|Текстовый|-|Нет|!!ToDo: Добавить описание|{"number": "1.23", "name": "budgetName", "static": true, "dataType": "STRING", "fetchMode": "NORMAL", "calculated": false, "displayName": "Наименование (Бюджета)", "fullTextIndexed": false, "hideFilterOptions": false}
1.24|Поле|Почтовый индекс|postalCode|Текстовый|-|Нет|!!ToDo: Добавить описание|{"number": "1.24", "name": "postalCode", "static": true, "dataType": "STRING", "fetchMode": "NORMAL", "calculated": false, "displayName": "Почтовый индекс", "fullTextIndexed": false, "hideFilterOptions": false}
1.25|Поле|Код региона|regionCode|Текстовый|-|Нет|!!ToDo: Добавить описание|{"number": "1.25", "name": "regionCode", "static": true, "dataType": "STRING", "fetchMode": "NORMAL", "calculated": false, "displayName": "Код региона", "fullTextIndexed": false, "hideFilterOptions": false}
1.26|Поле|Субъект РФ?|rfSubject|Текстовый|-|Нет|!!ToDo: Добавить описание|{"number": "1.26", "name": "rfSubject", "static": true, "dataType": "STRING", "fetchMode": "NORMAL", "calculated": false, "displayName": "Субъект РФ?", "fullTextIndexed": false, "hideFilterOptions": false}
1.27|Поле|Район|district|Текстовый|-|Нет|!!ToDo: Добавить описание|{"number": "1.27", "name": "district", "static": true, "dataType": "STRING", "fetchMode": "NORMAL", "calculated": false, "displayName": "Район", "fullTextIndexed": false, "hideFilterOptions": false}
1.28|Поле|Город|city|Текстовый|-|Нет|!!ToDo: Добавить описание|{"number": "1.28", "name": "city", "static": true, "dataType": "STRING", "fetchMode": "NORMAL", "calculated": false, "displayName": "Город", "fullTextIndexed": false, "hideFilterOptions": false}
1.29|Поле|Населенный пункт|settlement|Текстовый|-|Нет|!!ToDo: Добавить описание|{"number": "1.29", "name": "settlement", "static": true, "dataType": "STRING", "fetchMode": "NORMAL", "calculated": false, "displayName": "Населенный пункт", "fullTextIndexed": false, "hideFilterOptions": false}
1.30|Поле|Улица (проспект, переулок и т.п.)|street|Текстовый|-|Нет|!!ToDo: Добавить описание|{"number": "1.30", "name": "street", "static": true, "dataType": "STRING", "fetchMode": "NORMAL", "calculated": false, "displayName": "Улица (проспект, переулок и т.п.)", "fullTextIndexed": false, "hideFilterOptions": false}
1.31|Поле|Дом (владение)|house|Текстовый|-|Нет|!!ToDo: Добавить описание|{"number": "1.31", "name": "house", "static": true, "dataType": "STRING", "fetchMode": "NORMAL", "calculated": false, "displayName": "Дом (владение)", "fullTextIndexed": false, "hideFilterOptions": false}
1.32|Поле|Корпус (строение)|building|Текстовый|-|Нет|!!ToDo: Добавить описание|{"number": "1.32", "name": "building", "static": true, "dataType": "STRING", "fetchMode": "NORMAL", "calculated": false, "displayName": "Корпус (строение)", "fullTextIndexed": false, "hideFilterOptions": false}
1.33|Поле|Квартира (офис)|apartment|Текстовый|-|Нет|!!ToDo: Добавить описание|{"number": "1.33", "name": "apartment", "static": true, "dataType": "STRING", "fetchMode": "NORMAL", "calculated": false, "displayName": "Квартира (офис)", "fullTextIndexed": false, "hideFilterOptions": false}
1.34|Поле|Наименование|name|Текстовый|-|Нет|!!ToDo: Добавить описание|{"number": "1.34", "name": "name", "static": false, "dataType": "STRING", "fetchMode": "NORMAL", "calculated": false, "displayName": "Наименование", "hideFilterOptions": false}
1.34.1|Поле|-|-|-|-|Нет|!!ToDo: Добавить описание|{"number": "1.34.1"}
1.35|Поле|Номер|docNumber|Текстовый|-|Нет|!!ToDo: Добавить описание|{"number": "1.35", "name": "docNumber", "static": false, "dataType": "STRING", "fetchMode": "NORMAL", "calculated": false, "displayName": "Номер", "hideFilterOptions": false}
1.35.1|Поле|-|-|-|-|Нет|!!ToDo: Добавить описание|{"number": "1.35.1"}
1.36|Поле|Дата|adminDate|Дата|-|Нет|!!ToDo: Добавить описание|{"number": "1.36", "name": "adminDate", "static": false, "dataType": "DATE", "fetchMode": "NORMAL", "calculated": false, "displayName": "Дата", "hideFilterOptions": false}
1.36.1|Поле|-|-|-|-|Нет|!!ToDo: Добавить описание|{"number": "1.36.1", "maxDate": "2100-01-01T00:00:00", "minDate": "1900-01-01T00:00:00"}
1.37|Поле|Орган, издавший документ|issuer|Текстовый|-|Нет|!!ToDo: Добавить описание|{"number": "1.37", "name": "issuer", "static": false, "dataType": "STRING", "fetchMode": "NORMAL", "calculated": false, "displayName": "Орган, издавший документ", "hideFilterOptions": false}
1.37.1|Поле|-|-|-|-|Нет|!!ToDo: Добавить описание|{"number": "1.37.1"}
1.38|Вложенный список|Вложенный список "Филиалы/обособленные подразделения"|separateDivisions|-|-|-|!!ToDo: Добавить описание|{"number": "1.38", "name": "separateDivisions", "static": false, "dataType": "LIST", "fetchMode": "NORMAL", "displayName": "Филиалы/обособленные подразделения", "hideFilterOptions": false}
1.38.1|Поле|КПП|sepDivKpp|Текстовый|-|Нет|!!ToDo: Добавить описание|{"number": "1.38.1", "name": "sepDivKpp", "static": false, "dataType": "STRING", "fetchMode": "NORMAL", "displayName": "КПП", "hideFilterOptions": false}
1.38.2|Поле|Наименование|sepDivName|Текстовый|-|Нет|!!ToDo: Добавить описание|{"number": "1.38.2", "name": "sepDivName", "static": false, "dataType": "STRING", "fetchMode": "NORMAL", "displayName": "Наименование", "hideFilterOptions": false}
1.38.3|Поле|Адрес|sepDivAddres|Текстовый|-|Нет|!!ToDo: Добавить описание|{"number": "1.38.3", "name": "sepDivAddres", "static": false, "dataType": "STRING", "fetchMode": "NORMAL", "displayName": "Адрес", "hideFilterOptions": false, "dataFieldLastPublishedName": "sepDivAdres"}
1.38.4|Поле|Тип|sepDivType|Текстовый|-|Нет|!!ToDo: Добавить описание|{"number": "1.38.4", "name": "sepDivType", "static": false, "dataType": "STRING", "fetchMode": "NORMAL", "displayName": "Тип", "hideFilterOptions": false}
1.38.5|Поле|Отметка о регистрации в ЕГРЮЛ (при наличии)|registrationNote|Текстовый|-|Нет|!!ToDo: Добавить описание|{"number": "1.38.5", "name": "registrationNote", "static": false, "dataType": "STRING", "fetchMode": "NORMAL", "displayName": "Отметка о регистрации в ЕГРЮЛ (при наличии)", "hideFilterOptions": false}
1.38.1|Поле|-|-|-|-|Нет|!!ToDo: Добавить описание|{"number": "1.38.1"}
1.39|Вложенный список|Вложенный список "Основание для включения в Мос. реестр"|mosRegistryBasisInclusions|-|-|-|!!ToDo: Добавить описание|{"number": "1.39", "name": "mosRegistryBasisInclusions", "static": false, "dataType": "LIST", "fetchMode": "NORMAL", "displayName": "Основание для включения в Мос. реестр", "hideFilterOptions": false}
1.39.1|Поле|№ государственного контракта (контракта), договора (соглашения), контракта (договора)|stateContractNumber|Текстовый|-|Нет|!!ToDo: Добавить описание|{"number": "1.39.1", "name": "stateContractNumber", "static": false, "dataType": "STRING", "fetchMode": "NORMAL", "displayName": "№ государственного контракта (контракта), договора (соглашения), контракта (договора)", "hideFilterOptions": false}
1.39.2|Поле|Дата государственного контракта (контракта), договора (соглашения), контракта (договора)|stateContractDate|Дата|-|Нет|!!ToDo: Добавить описание|{"number": "1.39.2", "name": "stateContractDate", "static": false, "dataType": "DATE", "fetchMode": "NORMAL", "displayName": "Дата государственного контракта (контракта), договора (соглашения), контракта (договора)", "hideFilterOptions": false, "dataFieldLastPublishedName": "s"}
1.39.2.1|Поле|-|-|-|-|Нет|!!ToDo: Добавить описание|{"number": "1.39.2.1", "maxDate": "2100-01-01T00:00:00", "minDate": "1900-01-01T00:00:00"}
1.39.3|Поле|Код плательщика по Сводному реестру|consRegisterPayerCode|Текстовый|-|Нет|!!ToDo: Добавить описание|{"number": "1.39.3", "name": "consRegisterPayerCode", "static": false, "dataType": "STRING", "fetchMode": "NORMAL", "displayName": "Код плательщика по Сводному реестру", "hideFilterOptions": false, "dataFieldLastPublishedName": "payerCode"}
1.39.4|Поле|Код плательщика по Московскому реестру|mosRegistryPayerCode|Текстовый|-|Нет|!!ToDo: Добавить описание|{"number": "1.39.4", "name": "mosRegistryPayerCode", "static": false, "dataType": "STRING", "fetchMode": "NORMAL", "displayName": "Код плательщика по Московскому реестру", "hideFilterOptions": false, "dataFieldLastPublishedName": "mosRegistry"}
1.39.5|Поле|Наименование учреждения (организации, плательщика)|orgName|Текстовый|-|Нет|!!ToDo: Добавить описание|{"number": "1.39.5", "name": "orgName", "static": false, "dataType": "STRING", "fetchMode": "NORMAL", "displayName": "Наименование учреждения (организации, плательщика)", "hideFilterOptions": false}
1.39.1|Поле|-|-|-|-|Нет|!!ToDo: Добавить описание|{"number": "1.39.1"}
1.40|Поле|Код ОКОПФ|okopf|Текстовый|-|Нет|!!ToDo: Добавить описание|{"number": "1.40", "name": "okopf", "static": true, "dataType": "STRING", "fetchMode": "NORMAL", "calculated": false, "displayName": "Код ОКОПФ", "hideFilterOptions": false}
1.41|Поле|Наименование ОКОПФ|okopfName|Текстовый|-|Нет|!!ToDo: Добавить описание|{"number": "1.41", "name": "okopfName", "static": true, "dataType": "STRING", "fetchMode": "NORMAL", "calculated": false, "displayName": "Наименование ОКОПФ", "hideFilterOptions": false}
1.42|Поле|Код ОКФС|okfs|Текстовый|-|Нет|!!ToDo: Добавить описание|{"number": "1.42", "name": "okfs", "static": true, "dataType": "STRING", "fetchMode": "NORMAL", "calculated": false, "displayName": "Код ОКФС", "hideFilterOptions": false}
1.43|Поле|Наименование ОКФС|okfsName|Текстовый|-|Нет|!!ToDo: Добавить описание|{"number": "1.43", "name": "okfsName", "static": true, "dataType": "STRING", "fetchMode": "NORMAL", "calculated": false, "displayName": "Наименование ОКФС", "hideFilterOptions": false}
1.44|Поле|Код ОКТМО|oktmo|Текстовый|-|Нет|!!ToDo: Добавить описание|{"number": "1.44", "name": "oktmo", "static": true, "dataType": "STRING", "fetchMode": "NORMAL", "calculated": false, "displayName": "Код ОКТМО", "hideFilterOptions": false}
1.45|Поле|Наименование ОКТМО|oktmoName|Текстовый|-|Нет|!!ToDo: Добавить описание|{"number": "1.45", "name": "oktmoName", "static": true, "dataType": "STRING", "fetchMode": "NORMAL", "calculated": false, "displayName": "Наименование ОКТМО", "hideFilterOptions": false}
1.46|Поле|Код ОКПО|okpo|Текстовый|-|Нет|!!ToDo: Добавить описание|{"number": "1.46", "name": "okpo", "static": true, "dataType": "STRING", "fetchMode": "NORMAL", "calculated": false, "displayName": "Код ОКПО", "hideFilterOptions": false}
1.47|Поле|Код ОКОГУ|okogu|Текстовый|-|Нет|!!ToDo: Добавить описание|{"number": "1.47", "name": "okogu", "static": true, "dataType": "STRING", "fetchMode": "NORMAL", "calculated": false, "displayName": "Код ОКОГУ", "hideFilterOptions": false}
1.48|Поле|Наименование ОКОГУ|okoguName|Текстовый|-|Нет|!!ToDo: Добавить описание|{"number": "1.48", "name": "okoguName", "static": true, "dataType": "STRING", "fetchMode": "NORMAL", "calculated": false, "displayName": "Наименование ОКОГУ", "hideFilterOptions": false}
1.49|Поле|Код отрасли|industryCode|Текстовый|-|Нет|!!ToDo: Добавить описание|{"number": "1.49", "name": "industryCode", "static": true, "dataType": "STRING", "fetchMode": "NORMAL", "calculated": false, "displayName": "Код отрасли", "hideFilterOptions": false}
1.50|Поле|Код ОГС|ogs|Текстовый|-|Нет|!!ToDo: Добавить описание|{"number": "1.50", "name": "ogs", "static": true, "dataType": "STRING", "fetchMode": "NORMAL", "calculated": false, "displayName": "Код ОГС", "hideFilterOptions": false}
1.51|Поле|Код ППО по ОКТМО|ppoCode|Текстовый|-|Нет|!!ToDo: Добавить описание|{"number": "1.51", "name": "ppoCode", "static": true, "dataType": "STRING", "fetchMode": "NORMAL", "calculated": false, "displayName": "Код ППО по ОКТМО", "hideFilterOptions": false}
1.52|Поле|Наименование ППО|ppoName|Текстовый|-|Нет|!!ToDo: Добавить описание|{"number": "1.52", "name": "ppoName", "static": true, "dataType": "STRING", "fetchMode": "NORMAL", "calculated": false, "displayName": "Наименование ППО", "hideFilterOptions": false}
1.53|Поле|Вид ППО|ppoType|Текстовый|-|Нет|!!ToDo: Добавить описание|{"number": "1.53", "name": "ppoType", "static": true, "dataType": "STRING", "fetchMode": "NORMAL", "calculated": false, "displayName": "Вид ППО", "hideFilterOptions": false}
1.54|Поле|Наименование вида ППО|ppoTypeName|Текстовый|-|Нет|!!ToDo: Добавить описание|{"number": "1.54", "name": "ppoTypeName", "static": true, "dataType": "STRING", "fetchMode": "NORMAL", "calculated": false, "displayName": "Наименование вида ППО", "hideFilterOptions": false}
1.55|Поле|ОГРН вышестоящей организации|parentOrgOgrn|Текстовый|-|Нет|!!ToDo: Добавить описание|{"number": "1.55", "name": "parentOrgOgrn", "static": true, "dataType": "STRING", "fetchMode": "NORMAL", "calculated": false, "displayName": "ОГРН вышестоящей организации", "hideFilterOptions": false}
1.56|Поле|Код по Мос.реестру вышестоящей организации|parentOrgMosRegistryCode|Текстовый|-|Нет|!!ToDo: Добавить описание|{"number": "1.56", "name": "parentOrgMosRegistryCode", "static": true, "dataType": "STRING", "fetchMode": "NORMAL", "calculated": false, "displayName": "Код по Мос.реестру вышестоящей организации", "hideFilterOptions": false}
1.57|Поле|Код по Сводному реестру вышестоящей организации|parentOrgConsRegistryCode|Текстовый|-|Нет|!!ToDo: Добавить описание|{"number": "1.57", "name": "parentOrgConsRegistryCode", "static": true, "dataType": "STRING", "fetchMode": "NORMAL", "calculated": false, "displayName": "Код по Сводному реестру вышестоящей организации", "hideFilterOptions": false}
1.58|Поле|Наименование вышестоящей организации|parentOrgName|Текстовый|-|Нет|!!ToDo: Добавить описание|{"number": "1.58", "name": "parentOrgName", "static": true, "dataType": "STRING", "fetchMode": "NORMAL", "calculated": false, "displayName": "Наименование вышестоящей организации", "hideFilterOptions": false}
1.59|Поле|Способ образования юридического лица|formingMethod|Текстовый|-|Нет|!!ToDo: Добавить описание|{"number": "1.59", "name": "formingMethod", "static": true, "dataType": "STRING", "fetchMode": "NORMAL", "calculated": false, "displayName": "Способ образования юридического лица", "hideFilterOptions": false}
1.60|Поле|Наименование способа образования|formMethodName|Текстовый|-|Нет|!!ToDo: Добавить описание|{"number": "1.60", "name": "formMethodName", "static": true, "dataType": "STRING", "fetchMode": "NORMAL", "calculated": false, "displayName": "Наименование способа образования", "hideFilterOptions": false}
1.61|Вложенный список|Вложенный список "Сведения об учредителе (участнике) организации (по данным ЕГРЮЛ)"|founderInformationEgrul|-|-|-|!!ToDo: Добавить описание|{"number": "1.61", "name": "founderInformationEgrul", "static": false, "dataType": "LIST", "fetchMode": "NORMAL", "displayName": "Сведения об учредителе (участнике) организации (по данным ЕГРЮЛ)", "hideFilterOptions": false}
1.61.1|Поле|Полное наименование|founderFullName|Текстовый|-|Нет|!!ToDo: Добавить описание|{"number": "1.61.1", "name": "founderFullName", "static": false, "dataType": "STRING", "fetchMode": "NORMAL", "displayName": "Полное наименование", "hideFilterOptions": false}
1.61.2|Поле|ИНН|founderInn|Текстовый|-|Нет|!!ToDo: Добавить описание|{"number": "1.61.2", "name": "founderInn", "static": false, "dataType": "STRING", "fetchMode": "NORMAL", "displayName": "ИНН", "hideFilterOptions": false}
1.61.3|Поле|ОГРН|founderOgrn|Текстовый|-|Нет|!!ToDo: Добавить описание|{"number": "1.61.3", "name": "founderOgrn", "static": false, "dataType": "STRING", "fetchMode": "NORMAL", "displayName": "ОГРН", "hideFilterOptions": false, "dataFieldLastPublishedName": "founderKpp"}
1.61.4|Поле|Дата начала действия|founderStartDate|Дата|-|Нет|!!ToDo: Добавить описание|{"number": "1.61.4", "name": "founderStartDate", "static": false, "dataType": "DATE", "fetchMode": "NORMAL", "displayName": "Дата начала действия", "hideFilterOptions": false}
1.61.4.1|Поле|-|-|-|-|Нет|!!ToDo: Добавить описание|{"number": "1.61.4.1", "maxDate": "2100-01-01T00:00:00", "minDate": "1900-01-01T00:00:00"}
1.61.1|Поле|-|-|-|-|Нет|!!ToDo: Добавить описание|{"number": "1.61.1"}
1.62|Вложенный список|Вложенный список "Сведения об учредителе (участнике) организации"|founderInfo|-|-|-|!!ToDo: Добавить описание|{"number": "1.62", "name": "founderInfo", "static": false, "dataType": "LIST", "fetchMode": "NORMAL", "calculated": false, "displayName": "Сведения об учредителе (участнике) организации", "hideFilterOptions": false}
1.62.1|Поле|Код главы по БК|bkFounderCode|Текстовый|-|Нет|!!ToDo: Добавить описание|{"number": "1.62.1", "name": "bkFounderCode", "static": false, "dataType": "STRING", "fetchMode": "NORMAL", "calculated": false, "displayName": "Код главы по БК", "hideFilterOptions": false}
1.62.2|Поле|Код по сводному реестру|consRegistryFounderCode|Текстовый|-|Нет|!!ToDo: Добавить описание|{"number": "1.62.2", "name": "consRegistryFounderCode", "static": false, "dataType": "STRING", "fetchMode": "NORMAL", "calculated": false, "displayName": "Код по сводному реестру", "hideFilterOptions": false}
1.62.3|Поле|Код по Московскому реестру|mosRegistryFounderCode|Текстовый|-|Нет|!!ToDo: Добавить описание|{"number": "1.62.3", "name": "mosRegistryFounderCode", "static": false, "dataType": "STRING", "fetchMode": "NORMAL", "calculated": false, "displayName": "Код по Московскому реестру", "hideFilterOptions": false}
1.62.4|Поле|Наименование главного распорядителя бюджетных средств|grbsFounderCode|Текстовый|-|Нет|!!ToDo: Добавить описание|{"number": "1.62.4", "name": "grbsFounderCode", "static": false, "dataType": "STRING", "fetchMode": "NORMAL", "calculated": false, "displayName": "Наименование главного распорядителя бюджетных средств", "hideFilterOptions": false}
1.62.1|Поле|-|-|-|-|Нет|!!ToDo: Добавить описание|{"number": "1.62.1"}
1.63|Поле|Тип заявки|applicationType|Текстовый|-|Нет|!!ToDo: Добавить описание|{"number": "1.63", "name": "applicationType", "static": true, "dataType": "STRING", "fetchMode": "NORMAL", "calculated": false, "displayName": "Тип заявки", "hideFilterOptions": false}
1.64|Поле|Дата заявки|applicationDate|Дата|-|Нет|!!ToDo: Добавить описание|{"number": "1.64", "name": "applicationDate", "static": true, "dataType": "DATE", "fetchMode": "NORMAL", "calculated": false, "displayName": "Дата заявки", "hideFilterOptions": false}
1.64.1|Поле|-|-|-|-|Нет|!!ToDo: Добавить описание|{"number": "1.64.1", "maxDate": "2100-01-01T00:00:00", "minDate": "1900-01-01T00:00:00"}
1.65|Поле|№ (номер заявки)|applicationNumber|Текстовый|-|Нет|!!ToDo: Добавить описание|{"number": "1.65", "name": "applicationNumber", "static": true, "dataType": "STRING", "fetchMode": "NORMAL", "calculated": false, "displayName": "№ (номер заявки)", "hideFilterOptions": false}
1.66|Поле|Статус|applicationSatatus|Текстовый|-|Нет|!!ToDo: Добавить описание|{"number": "1.66", "name": "applicationSatatus", "static": true, "dataType": "STRING", "fetchMode": "NORMAL", "calculated": false, "displayName": "Статус", "hideFilterOptions": false}
1.67|Поле|Вид организации|organizationType|Текстовый|-|Нет|!!ToDo: Добавить описание|{"number": "1.67", "name": "organizationType", "static": true, "dataType": "STRING", "fetchMode": "NORMAL", "calculated": false, "displayName": "Вид организации", "hideFilterOptions": false}
1.68|Поле|Предыдущая заявка|previousApp|Текстовый|-|Нет|!!ToDo: Добавить описание|{"number": "1.68", "name": "previousApp", "static": true, "dataType": "STRING", "fetchMode": "NORMAL", "calculated": false, "displayName": "Предыдущая заявка", "hideFilterOptions": false}
1.69|Поле|Тип документа|adminDocType|Текстовый|-|Нет|!!ToDo: Добавить описание|{"number": "1.69", "name": "adminDocType", "static": true, "dataType": "STRING", "fetchMode": "NORMAL", "calculated": false, "displayName": "Тип документа", "hideFilterOptions": false}
1.70|Поле|Номер|adminDocNumber|Текстовый|-|Нет|!!ToDo: Добавить описание|{"number": "1.70", "name": "adminDocNumber", "static": true, "dataType": "STRING", "fetchMode": "NORMAL", "calculated": false, "displayName": "Номер", "hideFilterOptions": false}
1.71|Поле|Наименование|adminDocName|Текстовый|-|Нет|!!ToDo: Добавить описание|{"number": "1.71", "name": "adminDocName", "static": true, "dataType": "STRING", "fetchMode": "NORMAL", "calculated": false, "displayName": "Наименование", "hideFilterOptions": false}
1.72|Поле|Орган, издавший документ|adminDocIssue|Текстовый|-|Нет|!!ToDo: Добавить описание|{"number": "1.72", "name": "adminDocIssue", "static": true, "dataType": "STRING", "fetchMode": "NORMAL", "calculated": false, "displayName": "Орган, издавший документ", "hideFilterOptions": false}
1.73|Поле|Дата|adminDocDate|Дата|-|Нет|!!ToDo: Добавить описание|{"number": "1.73", "name": "adminDocDate", "static": true, "dataType": "DATE", "fetchMode": "NORMAL", "calculated": false, "displayName": "Дата", "hideFilterOptions": false}
1.73.1|Поле|-|-|-|-|Нет|!!ToDo: Добавить описание|{"number": "1.73.1", "maxDate": "2100-01-01T00:00:00", "minDate": "1900-01-01T00:00:00"}
1.74|Поле|Полное наименование (по данным ЕГРЮЛ)|orgNameFullNameEgrul|Текстовый|-|Нет|!!ToDo: Добавить описание|{"number": "1.74", "name": "orgNameFullNameEgrul", "static": true, "dataType": "STRING", "fetchMode": "NORMAL", "calculated": false, "displayName": "Полное наименование (по данным ЕГРЮЛ)", "hideFilterOptions": false}
1.75|Поле|Сокращенное наименование (по данным ЕГРЮЛ)|orgNameShortNameEgrul|Текстовый|-|Нет|!!ToDo: Добавить описание|{"number": "1.75", "name": "orgNameShortNameEgrul", "static": true, "dataType": "STRING", "fetchMode": "NORMAL", "calculated": false, "displayName": "Сокращенное наименование (по данным ЕГРЮЛ)", "hideFilterOptions": false}
1.75.1|Поле|-|-|-|-|Нет|!!ToDo: Добавить описание|{"number": "1.75.1", "unMaskedValue": false}
1.76|Поле|Фирменное наименование|orgNameFirmName|Текстовый|-|Нет|!!ToDo: Добавить описание|{"number": "1.76", "name": "orgNameFirmName", "static": true, "dataType": "STRING", "fetchMode": "NORMAL", "calculated": false, "displayName": "Фирменное наименование", "hideFilterOptions": false}
1.77|Поле|Краткое наименование|orgNameShortName|Текстовый|-|Нет|!!ToDo: Добавить описание|{"number": "1.77", "name": "orgNameShortName", "static": true, "dataType": "STRING", "fetchMode": "NORMAL", "calculated": false, "displayName": "Краткое наименование", "hideFilterOptions": false}
1.78|Поле|Полное наименование на английском языке|orgNameFullNameEng|Текстовый|-|Нет|!!ToDo: Добавить описание|{"number": "1.78", "name": "orgNameFullNameEng", "static": true, "dataType": "STRING", "fetchMode": "NORMAL", "calculated": false, "displayName": "Полное наименование на английском языке", "hideFilterOptions": false}
1.79|Поле|Сокращенное наименование на английском языке|orgNameShortNameEng|Текстовый|-|Нет|!!ToDo: Добавить описание|{"number": "1.79", "name": "orgNameShortNameEng", "static": true, "dataType": "STRING", "fetchMode": "NORMAL", "calculated": false, "displayName": "Сокращенное наименование на английском языке", "hideFilterOptions": false}
1.80|Поле|Код ТОФК|tofkCode|Текстовый|-|Нет|!!ToDo: Добавить описание|{"number": "1.80", "name": "tofkCode", "static": true, "dataType": "STRING", "fetchMode": "NORMAL", "calculated": false, "displayName": "Код ТОФК", "hideFilterOptions": false}
1.81|Поле|Административный округ|adminDistrict|Текстовый|-|Нет|!!ToDo: Добавить описание|{"number": "1.81", "name": "adminDistrict", "static": true, "dataType": "STRING", "fetchMode": "NORMAL", "calculated": false, "displayName": "Административный округ", "hideFilterOptions": false}
1.82|Поле|Юридический адрес в ФНС|ftsLegalAddress|Текстовый|-|Нет|!!ToDo: Добавить описание|{"number": "1.82", "name": "ftsLegalAddress", "static": true, "dataType": "STRING", "fetchMode": "NORMAL", "calculated": false, "displayName": "Юридический адрес в ФНС", "hideFilterOptions": false}
1.83|Поле|Структура|Structure|Текстовый|-|Нет|!!ToDo: Добавить описание|{"number": "1.83", "name": "Structure", "static": true, "dataType": "STRING", "fetchMode": "NORMAL", "calculated": false, "displayName": "Структура", "hideFilterOptions": false}
1.84|Поле|Код КЛАДР|cladrCode|Текстовый|-|Нет|!!ToDo: Добавить описание|{"number": "1.84", "name": "cladrCode", "static": true, "dataType": "STRING", "fetchMode": "NORMAL", "calculated": false, "displayName": "Код КЛАДР", "hideFilterOptions": false}
1.85|Вложенный список|Вложенный список "Сведения о фактическом адресе основного здания"|factAddres|-|-|-|!!ToDo: Добавить описание|{"number": "1.85", "name": "factAddres", "static": false, "dataType": "LIST", "fetchMode": "NORMAL", "displayName": "Сведения о фактическом адресе основного здания", "hideFilterOptions": false}
1.85.1|Поле|Адрес|addres|Текстовый|-|Нет|!!ToDo: Добавить описание|{"number": "1.85.1", "name": "addres", "static": false, "dataType": "STRING", "fetchMode": "NORMAL", "displayName": "Адрес", "hideFilterOptions": false}
1.85.2|Поле|Код ОМКТЕ|omkteCode|Текстовый|-|Нет|!!ToDo: Добавить описание|{"number": "1.85.2", "name": "omkteCode", "static": false, "dataType": "STRING", "fetchMode": "NORMAL", "displayName": "Код ОМКТЕ", "hideFilterOptions": false}
1.85.3|Поле|Признак главного здания|isMainBuild|Логический|-|Да|!!ToDo: Добавить описание|{"number": "1.85.3", "name": "isMainBuild", "static": false, "dataType": "BOOLEAN", "required": true, "fetchMode": "NORMAL", "displayName": "Признак главного здания", "defaultValue": true, "defaultValueMode": "CONST", "hideFilterOptions": false}
1.85.1|Поле|-|-|-|-|Нет|!!ToDo: Добавить описание|{"number": "1.85.1"}
1.86|Поле|Доменное имя официального сайта|websiteDomainName|Текстовый|-|Нет|!!ToDo: Добавить описание|{"number": "1.86", "name": "websiteDomainName", "static": true, "dataType": "STRING", "fetchMode": "NORMAL", "calculated": false, "displayName": "Доменное имя официального сайта", "hideFilterOptions": false}
1.87|Поле|Дополнительный телефон организации|addOrgPhoneNumber|Текстовый|-|Нет|!!ToDo: Добавить описание|{"number": "1.87", "name": "addOrgPhoneNumber", "static": true, "dataType": "STRING", "fetchMode": "NORMAL", "calculated": false, "displayName": "Дополнительный телефон организации", "hideFilterOptions": false}
1.88|Поле|Адрес электронной почты организации|orgEmail|Текстовый|-|Нет|!!ToDo: Добавить описание|{"number": "1.88", "name": "orgEmail", "static": true, "dataType": "STRING", "fetchMode": "NORMAL", "calculated": false, "displayName": "Адрес электронной почты организации", "hideFilterOptions": false}
1.89|Поле|Фамилия|secondName|Текстовый|-|Нет|!!ToDo: Добавить описание|{"number": "1.89", "name": "secondName", "static": true, "dataType": "STRING", "fetchMode": "NORMAL", "calculated": false, "displayName": "Фамилия", "hideFilterOptions": false}
1.90|Поле|Имя|firstName|Текстовый|-|Нет|!!ToDo: Добавить описание|{"number": "1.90", "name": "firstName", "static": true, "dataType": "STRING", "fetchMode": "NORMAL", "calculated": false, "displayName": "Имя", "hideFilterOptions": false}
1.91|Поле|Отчество|patronymic|Текстовый|-|Нет|!!ToDo: Добавить описание|{"number": "1.91", "name": "patronymic", "static": true, "dataType": "STRING", "fetchMode": "NORMAL", "calculated": false, "displayName": "Отчество", "hideFilterOptions": false}
1.92|Поле|Должность|position|Текстовый|-|Нет|!!ToDo: Добавить описание|{"number": "1.92", "name": "position", "static": true, "dataType": "STRING", "fetchMode": "NORMAL", "calculated": false, "displayName": "Должность", "hideFilterOptions": false}
1.93|Поле|ИНН Руководителя|directorInn|Текстовый|-|Нет|!!ToDo: Добавить описание|{"number": "1.93", "name": "directorInn", "static": true, "dataType": "STRING", "fetchMode": "NORMAL", "calculated": false, "displayName": "ИНН Руководителя", "hideFilterOptions": false}
1.94|Поле|СНИЛС руководителя|directorSnils|Текстовый|-|Нет|!!ToDo: Добавить описание|{"number": "1.94", "name": "directorSnils", "static": true, "dataType": "STRING", "fetchMode": "NORMAL", "calculated": false, "displayName": "СНИЛС руководителя", "hideFilterOptions": false}
1.95|Поле|Признак основго|isBasic|Логический|-|Да|!!ToDo: Добавить описание|{"number": "1.95", "name": "isBasic", "static": true, "dataType": "BOOLEAN", "required": true, "fetchMode": "NORMAL", "calculated": false, "displayName": "Признак основго", "defaultValue": false, "defaultValueMode": "CONST", "hideFilterOptions": false}
1.95.1|Поле|-|-|-|-|Нет|!!ToDo: Добавить описание|{"number": "1.95.1"}
1.96|Поле|Наименование документа о назначении руководителя|appointmentDocName|Текстовый|-|Нет|!!ToDo: Добавить описание|{"number": "1.96", "name": "appointmentDocName", "static": true, "dataType": "STRING", "fetchMode": "NORMAL", "calculated": false, "displayName": "Наименование документа о назначении руководителя", "hideFilterOptions": false}
1.97|Поле|Номер документа о назначении руководителя|appointmentDocNumber|Текстовый|-|Нет|!!ToDo: Добавить описание|{"number": "1.97", "name": "appointmentDocNumber", "static": true, "dataType": "STRING", "fetchMode": "NORMAL", "calculated": false, "displayName": "Номер документа о назначении руководителя", "hideFilterOptions": false}
1.98|Поле|Дата документа о назначении руководителя|appointmentDocDate|Дата|-|Нет|!!ToDo: Добавить описание|{"number": "1.98", "name": "appointmentDocDate", "static": true, "dataType": "DATE", "fetchMode": "NORMAL", "calculated": false, "displayName": "Дата документа о назначении руководителя", "hideFilterOptions": false}
1.98.1|Поле|-|-|-|-|Нет|!!ToDo: Добавить описание|{"number": "1.98.1", "maxDate": "2100-01-01T00:00:00", "minDate": "1900-01-01T00:00:00"}
1.99|Вложенный список|Вложенный список "Информация о руководителе"|headInfo|-|-|-|!!ToDo: Добавить описание|{"number": "1.99", "name": "headInfo", "static": false, "dataType": "LIST", "fetchMode": "NORMAL", "displayName": "Информация о руководителе", "hideFilterOptions": false}
1.99.1|Поле|Признак основго|isBasic|Логический|-|Да|!!ToDo: Добавить описание|{"number": "1.99.1", "name": "isBasic", "static": false, "dataType": "BOOLEAN", "required": true, "fetchMode": "NORMAL", "displayName": "Признак основго", "defaultValue": false, "defaultValueMode": "CONST", "hideFilterOptions": false, "dataFieldLastPublishedName": "isBasicCopy"}
1.99.2|Поле|Фамилия|secondName|Текстовый|-|Нет|!!ToDo: Добавить описание|{"number": "1.99.2", "name": "secondName", "static": false, "dataType": "STRING", "fetchMode": "NORMAL", "displayName": "Фамилия", "hideFilterOptions": false, "dataFieldLastPublishedName": "secondNameCopy"}
1.99.3|Поле|Имя|firstName|Текстовый|-|Нет|!!ToDo: Добавить описание|{"number": "1.99.3", "name": "firstName", "static": false, "dataType": "STRING", "fetchMode": "NORMAL", "displayName": "Имя", "hideFilterOptions": false}
1.99.4|Поле|Отчество|patronymic|Текстовый|-|Нет|!!ToDo: Добавить описание|{"number": "1.99.4", "name": "patronymic", "static": false, "dataType": "STRING", "fetchMode": "NORMAL", "displayName": "Отчество", "hideFilterOptions": false}
1.99.5|Поле|Должность|position|Текстовый|-|Нет|!!ToDo: Добавить описание|{"number": "1.99.5", "name": "position", "static": false, "dataType": "STRING", "fetchMode": "NORMAL", "displayName": "Должность", "hideFilterOptions": false}
1.99.6|Поле|ИНН|directorInn|Текстовый|-|Нет|!!ToDo: Добавить описание|{"number": "1.99.6", "name": "directorInn", "static": false, "dataType": "STRING", "fetchMode": "NORMAL", "displayName": "ИНН", "hideFilterOptions": false}
1.99.7|Поле|СНИЛС|directorSnils|Текстовый|-|Нет|!!ToDo: Добавить описание|{"number": "1.99.7", "name": "directorSnils", "static": false, "dataType": "STRING", "fetchMode": "NORMAL", "displayName": "СНИЛС", "hideFilterOptions": false}
1.99.8|Поле|Наименование НПА|appointmentDocName|Текстовый|-|Нет|!!ToDo: Добавить описание|{"number": "1.99.8", "name": "appointmentDocName", "static": false, "dataType": "STRING", "fetchMode": "NORMAL", "displayName": "Наименование НПА", "hideFilterOptions": false}
1.99.9|Поле|Номер НПА|appointmentDocNumber|Текстовый|-|Нет|!!ToDo: Добавить описание|{"number": "1.99.9", "name": "appointmentDocNumber", "static": false, "dataType": "STRING", "fetchMode": "NORMAL", "displayName": "Номер НПА", "hideFilterOptions": false}
1.99.10|Поле|Дата НПА|appointmentDocDate|Дата|-|Нет|!!ToDo: Добавить описание|{"number": "1.99.10", "name": "appointmentDocDate", "static": false, "dataType": "DATE", "fetchMode": "NORMAL", "displayName": "Дата НПА", "hideFilterOptions": false}
1.99.10.1|Поле|-|-|-|-|Нет|!!ToDo: Добавить описание|{"number": "1.99.10.1", "maxDate": "2100-01-01T00:00:00", "minDate": "1900-01-01T00:00:00"}
1.99.1|Поле|-|-|-|-|Нет|!!ToDo: Добавить описание|{"number": "1.99.1"}
1.100|Вложенный список|Вложенный список "Информация о видах деятельности (по данным ЕГРЮЛ)"|InfoActivitiTypes|-|-|-|!!ToDo: Добавить описание|{"number": "1.100", "name": "InfoActivitiTypes", "static": false, "dataType": "LIST", "fetchMode": "NORMAL", "displayName": "Информация о видах деятельности (по данным ЕГРЮЛ)", "hideFilterOptions": false}
1.100.1|Поле|Код ОКВЭД|okvedCode|Текстовый|-|Нет|!!ToDo: Добавить описание|{"number": "1.100.1", "name": "okvedCode", "static": false, "dataType": "STRING", "fetchMode": "NORMAL", "displayName": "Код ОКВЭД", "hideFilterOptions": false}
1.100.2|Поле|Наименование вида экономической деятельности|economicActivityType|Текстовый|-|Нет|!!ToDo: Добавить описание|{"number": "1.100.2", "name": "economicActivityType", "static": false, "dataType": "STRING", "fetchMode": "NORMAL", "displayName": "Наименование вида экономической деятельности", "hideFilterOptions": false}
1.100.3|Поле|Тип вида деятельности|activityType|Текстовый|-|Нет|!!ToDo: Добавить описание|{"number": "1.100.3", "name": "activityType", "static": false, "dataType": "STRING", "fetchMode": "NORMAL", "displayName": "Тип вида деятельности", "hideFilterOptions": false}
1.100.4|Поле|Дата включения в Мос.реестр|mosRegistryInclusionDate|Дата|-|Нет|!!ToDo: Добавить описание|{"number": "1.100.4", "name": "mosRegistryInclusionDate", "static": false, "dataType": "DATE", "fetchMode": "NORMAL", "displayName": "Дата включения в Мос.реестр", "hideFilterOptions": false}
1.100.4.1|Поле|-|-|-|-|Нет|!!ToDo: Добавить описание|{"number": "1.100.4.1", "maxDate": "2100-01-01T00:00:00", "minDate": "1900-01-01T00:00:00"}
1.100.1|Поле|-|-|-|-|Нет|!!ToDo: Добавить описание|{"number": "1.100.1"}
1.101|Поле|Номер документа о реорганизации/ликвидации|reorganizationDocNumber|Текстовый|-|Нет|!!ToDo: Добавить описание|{"number": "1.101", "name": "reorganizationDocNumber", "static": true, "dataType": "STRING", "fetchMode": "NORMAL", "calculated": false, "displayName": "Номер документа о реорганизации/ликвидации", "hideFilterOptions": false}
1.102|Поле|Дата документа о реорганизации/ликвидации|reorganizationDocDate|Дата|-|Нет|!!ToDo: Добавить описание|{"number": "1.102", "name": "reorganizationDocDate", "static": true, "dataType": "DATE", "fetchMode": "NORMAL", "calculated": false, "displayName": "Дата документа о реорганизации/ликвидации", "hideFilterOptions": false}
1.102.1|Поле|-|-|-|-|Нет|!!ToDo: Добавить описание|{"number": "1.102.1", "maxDate": "2100-01-01T00:00:00", "minDate": "1900-01-01T00:00:00"}
1.103|Поле|Наименование документа о реорганизации/ликвидации|reorganizationDocName|Текстовый|-|Нет|!!ToDo: Добавить описание|{"number": "1.103", "name": "reorganizationDocName", "static": true, "dataType": "STRING", "fetchMode": "NORMAL", "calculated": false, "displayName": "Наименование документа о реорганизации/ликвидации", "hideFilterOptions": false}
1.104|Поле|Дата внесения записи о начале процедуры|procedureStartDate|Дата|-|Нет|!!ToDo: Добавить описание|{"number": "1.104", "name": "procedureStartDate", "static": true, "dataType": "DATE", "fetchMode": "NORMAL", "calculated": false, "displayName": "Дата внесения записи о начале процедуры", "hideFilterOptions": false}
1.104.1|Поле|-|-|-|-|Нет|!!ToDo: Добавить описание|{"number": "1.104.1", "maxDate": "2100-01-01T00:00:00", "minDate": "1900-01-01T00:00:00"}
1.105|Поле|Дата прекращения деятельности|terminationDate|Дата|-|Нет|!!ToDo: Добавить описание|{"number": "1.105", "name": "terminationDate", "static": true, "dataType": "DATE", "fetchMode": "NORMAL", "calculated": false, "displayName": "Дата прекращения деятельности", "hideFilterOptions": false}
1.105.1|Поле|-|-|-|-|Нет|!!ToDo: Добавить описание|{"number": "1.105.1", "maxDate": "2100-01-01T00:00:00", "minDate": "1900-01-01T00:00:00"}
1.106|Поле|Код формы реорганизации|reorganizationCode|Текстовый|-|Нет|!!ToDo: Добавить описание|{"number": "1.106", "name": "reorganizationCode", "static": true, "dataType": "STRING", "fetchMode": "NORMAL", "calculated": false, "displayName": "Код формы реорганизации", "hideFilterOptions": false}
1.107|Поле|Наименование формы реорганизации|reorganizationName|Текстовый|-|Нет|!!ToDo: Добавить описание|{"number": "1.107", "name": "reorganizationName", "static": true, "dataType": "STRING", "fetchMode": "NORMAL", "calculated": false, "displayName": "Наименование формы реорганизации", "hideFilterOptions": false}
1.108|Вложенный список|Вложенный список "Сведения о правопреемстве"|successionInfo|-|-|-|!!ToDo: Добавить описание|{"number": "1.108", "name": "successionInfo", "static": false, "dataType": "LIST", "fetchMode": "NORMAL", "displayName": "Сведения о правопреемстве", "hideFilterOptions": false}
1.108.1|Поле|Код по Мос.реестру|moscowRegistryCode|Текстовый|-|Нет|!!ToDo: Добавить описание|{"number": "1.108.1", "name": "moscowRegistryCode", "static": false, "dataType": "STRING", "fetchMode": "NORMAL", "displayName": "Код по Мос.реестру", "hideFilterOptions": false}
1.108.2|Поле|ОГРН (по данным ЕГРЮЛ)|ogrnEgrul|Текстовый|-|Нет|!!ToDo: Добавить описание|{"number": "1.108.2", "name": "ogrnEgrul", "static": false, "dataType": "STRING", "fetchMode": "NORMAL", "displayName": "ОГРН (по данным ЕГРЮЛ)", "hideFilterOptions": false}
1.108.3|Поле|Полное наименование (по данным ЕГРЮЛ)|fullNameEgrul|Текстовый|-|Нет|!!ToDo: Добавить описание|{"number": "1.108.3", "name": "fullNameEgrul", "static": false, "dataType": "STRING", "fetchMode": "NORMAL", "displayName": "Полное наименование (по данным ЕГРЮЛ)", "hideFilterOptions": false}
1.108.4|Поле|ИНН (по данным ЕГРЮЛ)|innEgrul|Текстовый|-|Нет|!!ToDo: Добавить описание|{"number": "1.108.4", "name": "innEgrul", "static": false, "dataType": "STRING", "fetchMode": "NORMAL", "displayName": "ИНН (по данным ЕГРЮЛ)", "hideFilterOptions": false}
1.108.5|Поле|Тип (по данным ЕГРЮЛ)|typeEgrul|Текстовый|-|Нет|!!ToDo: Добавить описание|{"number": "1.108.5", "name": "typeEgrul", "static": false, "dataType": "STRING", "fetchMode": "NORMAL", "displayName": "Тип (по данным ЕГРЮЛ)", "hideFilterOptions": false}
1.108.6|Поле|Дата начала действия|startDateEgrul|Дата|-|Нет|!!ToDo: Добавить описание|{"number": "1.108.6", "name": "startDateEgrul", "static": false, "dataType": "DATE", "fetchMode": "NORMAL", "displayName": "Дата начала действия", "hideFilterOptions": false, "dataFieldLastPublishedName": "startDate"}
1.108.6.1|Поле|-|-|-|-|Нет|!!ToDo: Добавить описание|{"number": "1.108.6.1", "maxDate": "2100-01-01T00:00:00", "minDate": "1900-01-01T00:00:00"}
1.108.7|Поле|Причина|reason|Текстовый|-|Нет|!!ToDo: Добавить описание|{"number": "1.108.7", "name": "reason", "static": false, "dataType": "STRING", "fetchMode": "NORMAL", "displayName": "Причина", "hideFilterOptions": false}
1.108.1|Поле|-|-|-|-|Нет|!!ToDo: Добавить описание|{"number": "1.108.1"}
1.109|Вложенный список|Вложенный список "Документы"|Docs|-|-|-|!!ToDo: Добавить описание|{"number": "1.109", "name": "Docs", "static": false, "dataType": "LIST", "fetchMode": "NORMAL", "displayName": "Документы", "hideFilterOptions": false}
1.109.1|Поле|Имя файла|fileName|Текстовый|-|Нет|!!ToDo: Добавить описание|{"number": "1.109.1", "name": "fileName", "static": false, "dataType": "STRING", "fetchMode": "NORMAL", "displayName": "Имя файла", "hideFilterOptions": false}
1.109.2|Поле|Тип вложения|attachmentType|Текстовый|-|Нет|!!ToDo: Добавить описание|{"number": "1.109.2", "name": "attachmentType", "static": false, "dataType": "STRING", "fetchMode": "NORMAL", "displayName": "Тип вложения", "hideFilterOptions": false}
1.109.3|Поле|Размер, Кб|size|Текстовый|-|Нет|!!ToDo: Добавить описание|{"number": "1.109.3", "name": "size", "static": false, "dataType": "STRING", "fetchMode": "NORMAL", "displayName": "Размер, Кб", "hideFilterOptions": false}
1.109.1|Поле|-|-|-|-|Нет|!!ToDo: Добавить описание|{"number": "1.109.1"}
1.110|Вложенный список|Вложенный список "Полномочия"|authority|-|-|-|!!ToDo: Добавить описание|{"number": "1.110", "name": "authority", "static": false, "dataType": "LIST", "fetchMode": "NORMAL", "displayName": "Полномочия", "hideFilterOptions": false}
1.110.1|Поле|Код полномочия|authorityCode|Текстовый|-|Нет|!!ToDo: Добавить описание|{"number": "1.110.1", "name": "authorityCode", "static": false, "dataType": "STRING", "fetchMode": "NORMAL", "displayName": "Код полномочия", "hideFilterOptions": false}
1.110.2|Поле|Наименование полномочия|authorityName|Текстовый|-|Нет|!!ToDo: Добавить описание|{"number": "1.110.2", "name": "authorityName", "static": false, "dataType": "STRING", "fetchMode": "NORMAL", "displayName": "Наименование полномочия", "hideFilterOptions": false}
1.110.3|Поле|Дата начала|authorityStartDate|Дата|-|Нет|!!ToDo: Добавить описание|{"number": "1.110.3", "name": "authorityStartDate", "static": false, "dataType": "DATE", "fetchMode": "NORMAL", "displayName": "Дата начала", "hideFilterOptions": false}
1.110.3.1|Поле|-|-|-|-|Нет|!!ToDo: Добавить описание|{"number": "1.110.3.1", "maxDate": "2100-01-01T00:00:00", "minDate": "1900-01-01T00:00:00"}
1.110.4|Поле|Дата окончания|authorityEndDate|Дата|-|Нет|!!ToDo: Добавить описание|{"number": "1.110.4", "name": "authorityEndDate", "static": false, "dataType": "DATE", "fetchMode": "NORMAL", "displayName": "Дата окончания", "hideFilterOptions": false}
1.110.4.1|Поле|-|-|-|-|Нет|!!ToDo: Добавить описание|{"number": "1.110.4.1", "maxDate": "2100-01-01T00:00:00", "minDate": "1900-01-01T00:00:00"}
1.110.5|Поле|Код по Мос.реестру УНК|mosRegistryUnkCode|Текстовый|-|Нет|!!ToDo: Добавить описание|{"number": "1.110.5", "name": "mosRegistryUnkCode", "static": false, "dataType": "STRING", "fetchMode": "NORMAL", "displayName": "Код по Мос.реестру УНК", "hideFilterOptions": false}
1.110.6|Поле|Код главы по БК|bcHeadCode|Текстовый|-|Нет|!!ToDo: Добавить описание|{"number": "1.110.6", "name": "bcHeadCode", "static": false, "dataType": "STRING", "fetchMode": "NORMAL", "displayName": "Код главы по БК", "hideFilterOptions": false}
1.110.7|Поле|Наименование бюджета, в рамках которого передано полномочие|authorityBudgetName|Текстовый|-|Нет|!!ToDo: Добавить описание|{"number": "1.110.7", "name": "authorityBudgetName", "static": false, "dataType": "STRING", "fetchMode": "NORMAL", "displayName": "Наименование бюджета, в рамках которого передано полномочие", "hideFilterOptions": false, "dataFieldLastPublishedName": "budgetName"}
1.110.1|Поле|-|-|-|-|Нет|!!ToDo: Добавить описание|{"number": "1.110.1"}
1.111|Поле|Наименование полномочия|authorityName|Текстовый|-|Нет|!!ToDo: Добавить описание|{"number": "1.111", "name": "authorityName", "static": true, "dataType": "STRING", "fetchMode": "NORMAL", "calculated": false, "displayName": "Наименование полномочия", "hideFilterOptions": false}
1.112|Поле|Код по Мос.реестру УНК передавшего полномочия|mosRegistryUnkCode|Текстовый|-|Нет|!!ToDo: Добавить описание|{"number": "1.112", "name": "mosRegistryUnkCode", "static": false, "dataType": "STRING", "fetchMode": "NORMAL", "displayName": "Код по Мос.реестру УНК передавшего полномочия", "hideFilterOptions": false}
1.113|Поле|Информация по переданным полномочиям|isTransferred|Логический|-|Да|!!ToDo: Добавить описание|{"number": "1.113", "name": "isTransferred", "static": true, "dataType": "BOOLEAN", "required": true, "fetchMode": "NORMAL", "calculated": false, "displayName": "Информация по переданным полномочиям", "defaultValue": false, "defaultValueMode": "CONST", "hideFilterOptions": false}
1.113.1|Поле|-|-|-|-|Нет|!!ToDo: Добавить описание|{"number": "1.113.1"}
1.114|Поле|Код главы по БК|bcHeadCode|Текстовый|-|Нет|!!ToDo: Добавить описание|{"number": "1.114", "name": "bcHeadCode", "static": false, "dataType": "STRING", "fetchMode": "NORMAL", "displayName": "Код главы по БК", "hideFilterOptions": false}
1.115|Поле|Бюджет, в рамках которого передано полномочие|authorityBudgetName|Текстовый|-|Нет|!!ToDo: Добавить описание|{"number": "1.115", "name": "authorityBudgetName", "static": false, "dataType": "STRING", "fetchMode": "NORMAL", "displayName": "Бюджет, в рамках которого передано полномочие", "hideFilterOptions": false}
1.116|Поле|Дата начала|authorityStartDate|Дата|-|Нет|!!ToDo: Добавить описание|{"number": "1.116", "name": "authorityStartDate", "static": false, "dataType": "DATE", "fetchMode": "NORMAL", "displayName": "Дата начала", "hideFilterOptions": false}
1.116.1|Поле|-|-|-|-|Нет|!!ToDo: Добавить описание|{"number": "1.116.1", "maxDate": "2100-01-01T00:00:00", "minDate": "1900-01-01T00:00:00"}
1.117|Поле|Дата окончания|authorityEndDate|Дата|-|Нет|!!ToDo: Добавить описание|{"number": "1.117", "name": "authorityEndDate", "static": false, "dataType": "DATE", "fetchMode": "NORMAL", "displayName": "Дата окончания", "hideFilterOptions": false}
1.117.1|Поле|-|-|-|-|Нет|!!ToDo: Добавить описание|{"number": "1.117.1", "maxDate": "2100-01-01T00:00:00", "minDate": "1900-01-01T00:00:00"}
1.118|Вложенный список|Вложенный список "Сведения о лицевых счетах, открытых организаций в финансовом органе города Москвы"|mosPersonalAccountInformation|-|-|-|!!ToDo: Добавить описание|{"number": "1.118", "name": "mosPersonalAccountInformation", "static": false, "dataType": "LIST", "fetchMode": "NORMAL", "calculated": false, "displayName": "Сведения о лицевых счетах, открытых организаций в финансовом органе города Москвы", "hideFilterOptions": false}
1.118.1|Поле|Тип лицевого счета|personalAccountType|Текстовый|-|Нет|!!ToDo: Добавить описание|{"number": "1.118.1", "name": "personalAccountType", "static": false, "dataType": "STRING", "fetchMode": "NORMAL", "calculated": false, "displayName": "Тип лицевого счета", "hideFilterOptions": false}
1.118.2|Поле|Номер лицевого счета|personalAccountNumber|Текстовый|-|Нет|!!ToDo: Добавить описание|{"number": "1.118.2", "name": "personalAccountNumber", "static": false, "dataType": "STRING", "fetchMode": "NORMAL", "calculated": false, "displayName": "Номер лицевого счета", "hideFilterOptions": false}
1.118.3|Поле|БИК|bik|Текстовый|-|Нет|!!ToDo: Добавить описание|{"number": "1.118.3", "name": "bik", "static": false, "dataType": "STRING", "fetchMode": "NORMAL", "calculated": false, "displayName": "БИК", "hideFilterOptions": false}
1.118.4|Поле|Наименование банка/ТОФК|bankNameTofk|Текстовый|-|Нет|!!ToDo: Добавить описание|{"number": "1.118.4", "name": "bankNameTofk", "static": false, "dataType": "STRING", "fetchMode": "NORMAL", "calculated": false, "displayName": "Наименование банка/ТОФК", "hideFilterOptions": false, "dataFieldLastPublishedName": "bankName"}
1.118.5|Поле|Корреспондентский счет|correspondentAccount|Текстовый|-|Нет|!!ToDo: Добавить описание|{"number": "1.118.5", "name": "correspondentAccount", "static": false, "dataType": "STRING", "fetchMode": "NORMAL", "calculated": false, "displayName": "Корреспондентский счет", "hideFilterOptions": false}
1.118.6|Поле|Номер банковского счета/казначейского счета|bankNumber|Текстовый|-|Нет|!!ToDo: Добавить описание|{"number": "1.118.6", "name": "bankNumber", "static": false, "dataType": "STRING", "fetchMode": "NORMAL", "calculated": false, "displayName": "Номер банковского счета/казначейского счета", "hideFilterOptions": false}
1.118.7|Поле|Код ТОФК|tofkCode|Текстовый|-|Нет|!!ToDo: Добавить описание|{"number": "1.118.7", "name": "tofkCode", "static": false, "dataType": "STRING", "fetchMode": "NORMAL", "calculated": false, "displayName": "Код ТОФК", "hideFilterOptions": false, "dataFieldLastPublishedName": "tofkCode"}
1.118.8|Поле|Дата открытия|startDate|Текстовый|-|Нет|!!ToDo: Добавить описание|{"number": "1.118.8", "name": "startDate", "static": false, "dataType": "STRING", "fetchMode": "NORMAL", "calculated": false, "displayName": "Дата открытия", "hideFilterOptions": false, "dataFieldLastPublishedName": "startDate1"}
1.118.9|Поле|Дата закрытия|endDate|Текстовый|-|Нет|!!ToDo: Добавить описание|{"number": "1.118.9", "name": "endDate", "static": false, "dataType": "STRING", "fetchMode": "NORMAL", "calculated": false, "displayName": "Дата закрытия", "hideFilterOptions": false, "dataFieldLastPublishedName": "endDate1"}
1.118.10|Поле|Код ФО|foCode|Текстовый|-|Нет|!!ToDo: Добавить описание|{"number": "1.118.10", "name": "foCode", "static": false, "dataType": "STRING", "fetchMode": "NORMAL", "calculated": false, "displayName": "Код ФО", "hideFilterOptions": false}
1.118.11|Поле|Наименование ФО|foName|Текстовый|-|Нет|!!ToDo: Добавить описание|{"number": "1.118.11", "name": "foName", "static": false, "dataType": "STRING", "fetchMode": "NORMAL", "calculated": false, "displayName": "Наименование ФО", "hideFilterOptions": false}
1.118.1|Поле|-|-|-|-|Нет|!!ToDo: Добавить описание|{"number": "1.118.1"}
1.119|Вложенный список|Вложенный список "Сведения о счетах, открытых организации в кредитных организациях"|accountInfo|-|-|-|!!ToDo: Добавить описание|{"number": "1.119", "name": "accountInfo", "static": false, "dataType": "LIST", "fetchMode": "NORMAL", "calculated": false, "displayName": "Сведения о счетах, открытых организации в кредитных организациях", "hideFilterOptions": false}
1.119.1|Поле|БИК|bik|Текстовый|-|Нет|!!ToDo: Добавить описание|{"number": "1.119.1", "name": "bik", "static": false, "dataType": "STRING", "fetchMode": "NORMAL", "calculated": false, "displayName": "БИК", "hideFilterOptions": false}
1.119.2|Поле|Номер корр.счета в банка|bankCorrespondentAccount|Текстовый|-|Нет|!!ToDo: Добавить описание|{"number": "1.119.2", "name": "bankCorrespondentAccount", "static": false, "dataType": "STRING", "fetchMode": "NORMAL", "calculated": false, "displayName": "Номер корр.счета в банка", "hideFilterOptions": false, "dataFieldLastPublishedName": "correspondentAccount"}
1.119.3|Поле|Наименование банка|bankName|Текстовый|-|Нет|!!ToDo: Добавить описание|{"number": "1.119.3", "name": "bankName", "static": false, "dataType": "STRING", "fetchMode": "NORMAL", "calculated": false, "displayName": "Наименование банка", "hideFilterOptions": false, "dataFieldLastPublishedName": "bankName"}
1.119.4|Поле|Номер банковского счета|bankNumber|Текстовый|-|Нет|!!ToDo: Добавить описание|{"number": "1.119.4", "name": "bankNumber", "static": false, "dataType": "STRING", "fetchMode": "NORMAL", "calculated": false, "displayName": "Номер банковского счета", "hideFilterOptions": false}
1.119.5|Поле|Дата открытия|startDate|Текстовый|-|Нет|!!ToDo: Добавить описание|{"number": "1.119.5", "name": "startDate", "static": false, "dataType": "STRING", "fetchMode": "NORMAL", "calculated": false, "displayName": "Дата открытия", "hideFilterOptions": false, "dataFieldLastPublishedName": "startDate1"}
1.119.6|Поле|Дата закрытия|endDate|Текстовый|-|Нет|!!ToDo: Добавить описание|{"number": "1.119.6", "name": "endDate", "static": false, "dataType": "STRING", "fetchMode": "NORMAL", "calculated": false, "displayName": "Дата закрытия", "hideFilterOptions": false, "dataFieldLastPublishedName": "endDate1"}
1.119.1|Поле|-|-|-|-|Нет|!!ToDo: Добавить описание|{"number": "1.119.1"}
1.120|Вложенный список|Вложенный список "Сведения о лицевых счетах, открытых организации в территориальном органе Федерального казначейства (ТОФК)"|tofkPersonalAccountInformation|-|-|-|!!ToDo: Добавить описание|{"number": "1.120", "name": "tofkPersonalAccountInformation", "static": false, "dataType": "LIST", "fetchMode": "NORMAL", "displayName": "Сведения о лицевых счетах, открытых организации в территориальном органе Федерального казначейства (ТОФК)", "hideFilterOptions": false}
1.120.1|Поле|Номер лицевого счета|personalAccountNumber|Текстовый|-|Нет|!!ToDo: Добавить описание|{"number": "1.120.1", "name": "personalAccountNumber", "static": false, "dataType": "STRING", "fetchMode": "NORMAL", "displayName": "Номер лицевого счета", "hideFilterOptions": false}
1.120.2|Поле|Тип лицевого счета|personalAccountType|Текстовый|-|Нет|!!ToDo: Добавить описание|{"number": "1.120.2", "name": "personalAccountType", "static": false, "dataType": "STRING", "fetchMode": "NORMAL", "displayName": "Тип лицевого счета", "hideFilterOptions": false}
1.120.3|Поле|Наименование лицевого счета|personalAccountName|Текстовый|-|Нет|!!ToDo: Добавить описание|{"number": "1.120.3", "name": "personalAccountName", "static": false, "dataType": "STRING", "fetchMode": "NORMAL", "displayName": "Наименование лицевого счета", "hideFilterOptions": false}
1.120.4|Поле|Код ТОФК обслуживания|tofkCode|Текстовый|-|Нет|!!ToDo: Добавить описание|{"number": "1.120.4", "name": "tofkCode", "static": false, "dataType": "STRING", "fetchMode": "NORMAL", "displayName": "Код ТОФК обслуживания", "hideFilterOptions": false, "dataFieldLastPublishedName": "tofkCode"}
1.120.5|Поле|Наименование ТОФК обслуживания|tofkName|Текстовый|-|Нет|!!ToDo: Добавить описание|{"number": "1.120.5", "name": "tofkName", "static": false, "dataType": "STRING", "fetchMode": "NORMAL", "displayName": "Наименование ТОФК обслуживания", "hideFilterOptions": false}
1.120.6|Поле|БИК|bik|Текстовый|-|Нет|!!ToDo: Добавить описание|{"number": "1.120.6", "name": "bik", "static": false, "dataType": "STRING", "fetchMode": "NORMAL", "displayName": "БИК", "hideFilterOptions": false}
1.120.7|Поле|Корр.счет|correspondentAccount|Текстовый|-|Нет|!!ToDo: Добавить описание|{"number": "1.120.7", "name": "correspondentAccount", "static": false, "dataType": "STRING", "fetchMode": "NORMAL", "displayName": "Корр.счет", "hideFilterOptions": false, "dataFieldLastPublishedName": "correspondentAccount"}
1.120.8|Поле|Казначейский счет|bankNumber|Текстовый|-|Нет|!!ToDo: Добавить описание|{"number": "1.120.8", "name": "bankNumber", "static": false, "dataType": "STRING", "fetchMode": "NORMAL", "displayName": "Казначейский счет", "hideFilterOptions": false}
1.120.9|Поле|Дата открытия|startDate|Текстовый|-|Нет|!!ToDo: Добавить описание|{"number": "1.120.9", "name": "startDate", "static": false, "dataType": "STRING", "fetchMode": "NORMAL", "displayName": "Дата открытия", "hideFilterOptions": false, "dataFieldLastPublishedName": "startDate1"}
1.120.10|Поле|Дата закрытия|endDate|Текстовый|-|Нет|!!ToDo: Добавить описание|{"number": "1.120.10", "name": "endDate", "static": false, "dataType": "STRING", "fetchMode": "NORMAL", "displayName": "Дата закрытия", "hideFilterOptions": false, "dataFieldLastPublishedName": "endDate1"}
1.120.1|Поле|-|-|-|-|Нет|!!ToDo: Добавить описание|{"number": "1.120.1"}
1.1|Поле|-|-|-|-|Нет|!!ToDo: Добавить описание|{"number": "1.1"}
